S&P 500 COMPOSITE;07.12.2017;2636.98
S&P 500 COMPOSITE;08.12.2017;2651.5
S&P 500 COMPOSITE;11.12.2017;2659.99
S&P 500 COMPOSITE;12.12.2017;2664.11
S&P 500 COMPOSITE;13.12.2017;2662.85
S&P 500 COMPOSITE;14.12.2017;2652.01
S&P 500 COMPOSITE;15.12.2017;2675.81
S&P 500 COMPOSITE;18.12.2017;2690.16
S&P 500 COMPOSITE;19.12.2017;2681.47
S&P 500 COMPOSITE;20.12.2017;2679.25
S&P 500 COMPOSITE;21.12.2017;2684.57
S&P 500 COMPOSITE;22.12.2017;2683.34
S&P 500 COMPOSITE;25.12.2017;2683.34
S&P 500 COMPOSITE;26.12.2017;2680.5
S&P 500 COMPOSITE;27.12.2017;2682.62
S&P 500 COMPOSITE;28.12.2017;2687.54
S&P 500 COMPOSITE;29.12.2017;2673.61
S&P 500 COMPOSITE;01.01.2018;2673.61
S&P 500 COMPOSITE;02.01.2018;2695.81
S&P 500 COMPOSITE;03.01.2018;2713.06
S&P 500 COMPOSITE;04.01.2018;2723.99
S&P 500 COMPOSITE;05.01.2018;2743.15
S&P 500 COMPOSITE;08.01.2018;2747.71
S&P 500 COMPOSITE;09.01.2018;2751.29
S&P 500 COMPOSITE;10.01.2018;2748.23
S&P 500 COMPOSITE;11.01.2018;2767.56
S&P 500 COMPOSITE;12.01.2018;2786.24
S&P 500 COMPOSITE;15.01.2018;2786.24
S&P 500 COMPOSITE;16.01.2018;2776.42
S&P 500 COMPOSITE;17.01.2018;2802.56
S&P 500 COMPOSITE;18.01.2018;2798.03
S&P 500 COMPOSITE;19.01.2018;2810.3
S&P 500 COMPOSITE;22.01.2018;2832.97
S&P 500 COMPOSITE;23.01.2018;2839.13
S&P 500 COMPOSITE;24.01.2018;2837.54
S&P 500 COMPOSITE;25.01.2018;2839.25
S&P 500 COMPOSITE;26.01.2018;2872.87
S&P 500 COMPOSITE;29.01.2018;2853.53
S&P 500 COMPOSITE;30.01.2018;2822.43
S&P 500 COMPOSITE;31.01.2018;2823.81
S&P 500 COMPOSITE;01.02.2018;2821.98
S&P 500 COMPOSITE;02.02.2018;2762.13
S&P 500 COMPOSITE;05.02.2018;2648.94
S&P 500 COMPOSITE;06.02.2018;2695.14
S&P 500 COMPOSITE;07.02.2018;2681.66
S&P 500 COMPOSITE;08.02.2018;2581
S&P 500 COMPOSITE;09.02.2018;2619.55
S&P 500 COMPOSITE;12.02.2018;2656
S&P 500 COMPOSITE;13.02.2018;2662.94
S&P 500 COMPOSITE;14.02.2018;2698.63
S&P 500 COMPOSITE;15.02.2018;2731.2
S&P 500 COMPOSITE;16.02.2018;2732.22
S&P 500 COMPOSITE;19.02.2018;2732.22
S&P 500 COMPOSITE;20.02.2018;2716.26
S&P 500 COMPOSITE;21.02.2018;2701.33
S&P 500 COMPOSITE;22.02.2018;2703.96
S&P 500 COMPOSITE;23.02.2018;2747.3
S&P 500 COMPOSITE;26.02.2018;2779.6
S&P 500 COMPOSITE;27.02.2018;2744.28
S&P 500 COMPOSITE;28.02.2018;2713.83
S&P 500 COMPOSITE;01.03.2018;2677.67
S&P 500 COMPOSITE;02.03.2018;2691.25
S&P 500 COMPOSITE;05.03.2018;2720.94
S&P 500 COMPOSITE;06.03.2018;2728.12
S&P 500 COMPOSITE;07.03.2018;2726.8
S&P 500 COMPOSITE;08.03.2018;2738.97
S&P 500 COMPOSITE;09.03.2018;2786.57
S&P 500 COMPOSITE;12.03.2018;2783.02
S&P 500 COMPOSITE;13.03.2018;2765.31
S&P 500 COMPOSITE;14.03.2018;2749.48
S&P 500 COMPOSITE;15.03.2018;2747.33
S&P 500 COMPOSITE;16.03.2018;2752.01
S&P 500 COMPOSITE;19.03.2018;2712.92
S&P 500 COMPOSITE;20.03.2018;2716.94
S&P 500 COMPOSITE;21.03.2018;2711.93
S&P 500 COMPOSITE;22.03.2018;2643.69
S&P 500 COMPOSITE;23.03.2018;2588.26
S&P 500 COMPOSITE;26.03.2018;2658.55
S&P 500 COMPOSITE;27.03.2018;2612.62
S&P 500 COMPOSITE;28.03.2018;2605
S&P 500 COMPOSITE;29.03.2018;2640.87
S&P 500 COMPOSITE;30.03.2018;2640.87
S&P 500 COMPOSITE;02.04.2018;2581.88
S&P 500 COMPOSITE;03.04.2018;2614.45
S&P 500 COMPOSITE;04.04.2018;2644.69
S&P 500 COMPOSITE;05.04.2018;2662.84
S&P 500 COMPOSITE;06.04.2018;2604.47
S&P 500 COMPOSITE;09.04.2018;2613.16
S&P 500 COMPOSITE;10.04.2018;2656.87
S&P 500 COMPOSITE;11.04.2018;2642.19
S&P 500 COMPOSITE;12.04.2018;2663.99
S&P 500 COMPOSITE;13.04.2018;2656.3
S&P 500 COMPOSITE;16.04.2018;2677.84
S&P 500 COMPOSITE;17.04.2018;2706.39
S&P 500 COMPOSITE;18.04.2018;2708.64
S&P 500 COMPOSITE;19.04.2018;2693.13
S&P 500 COMPOSITE;20.04.2018;2670.14
S&P 500 COMPOSITE;23.04.2018;2670.29
S&P 500 COMPOSITE;24.04.2018;2634.56
S&P 500 COMPOSITE;25.04.2018;2639.4
S&P 500 COMPOSITE;26.04.2018;2666.94
S&P 500 COMPOSITE;27.04.2018;2669.91
S&P 500 COMPOSITE;30.04.2018;2648.05
S&P 500 COMPOSITE;01.05.2018;2654.8
S&P 500 COMPOSITE;02.05.2018;2635.67
S&P 500 COMPOSITE;03.05.2018;2629.73
S&P 500 COMPOSITE;04.05.2018;2663.42
S&P 500 COMPOSITE;07.05.2018;2672.63
S&P 500 COMPOSITE;08.05.2018;2671.92
S&P 500 COMPOSITE;09.05.2018;2697.79
S&P 500 COMPOSITE;10.05.2018;2723.07
S&P 500 COMPOSITE;11.05.2018;2727.72
S&P 500 COMPOSITE;14.05.2018;2730.13
S&P 500 COMPOSITE;15.05.2018;2711.45
S&P 500 COMPOSITE;16.05.2018;2722.46
S&P 500 COMPOSITE;17.05.2018;2720.13
S&P 500 COMPOSITE;18.05.2018;2712.97
S&P 500 COMPOSITE;21.05.2018;2733.01
S&P 500 COMPOSITE;22.05.2018;2724.44
S&P 500 COMPOSITE;23.05.2018;2733.29
S&P 500 COMPOSITE;24.05.2018;2727.76
S&P 500 COMPOSITE;25.05.2018;2721.33
S&P 500 COMPOSITE;28.05.2018;2721.33
S&P 500 COMPOSITE;29.05.2018;2689.86
S&P 500 COMPOSITE;30.05.2018;2724.01
S&P 500 COMPOSITE;31.05.2018;2705.27
S&P 500 COMPOSITE;01.06.2018;2734.62
S&P 500 COMPOSITE;04.06.2018;2746.87
S&P 500 COMPOSITE;05.06.2018;2748.8
S&P 500 COMPOSITE;06.06.2018;2772.35
S&P 500 COMPOSITE;07.06.2018;2770.37
S&P 500 COMPOSITE;08.06.2018;2779.03
S&P 500 COMPOSITE;11.06.2018;2782
S&P 500 COMPOSITE;12.06.2018;2786.85
S&P 500 COMPOSITE;13.06.2018;2775.63
S&P 500 COMPOSITE;14.06.2018;2782.49
S&P 500 COMPOSITE;15.06.2018;2779.66
S&P 500 COMPOSITE;18.06.2018;2773.75
S&P 500 COMPOSITE;19.06.2018;2762.59
S&P 500 COMPOSITE;20.06.2018;2767.32
S&P 500 COMPOSITE;21.06.2018;2749.76
S&P 500 COMPOSITE;22.06.2018;2754.88
S&P 500 COMPOSITE;25.06.2018;2717.07
S&P 500 COMPOSITE;26.06.2018;2723.06
S&P 500 COMPOSITE;27.06.2018;2699.63
S&P 500 COMPOSITE;28.06.2018;2716.31
S&P 500 COMPOSITE;29.06.2018;2718.37
S&P 500 COMPOSITE;02.07.2018;2726.71
S&P 500 COMPOSITE;03.07.2018;2713.22
S&P 500 COMPOSITE;04.07.2018;2713.22
S&P 500 COMPOSITE;05.07.2018;2736.61
S&P 500 COMPOSITE;06.07.2018;2759.82
S&P 500 COMPOSITE;09.07.2018;2784.17
S&P 500 COMPOSITE;10.07.2018;2793.84
S&P 500 COMPOSITE;11.07.2018;2774.02
S&P 500 COMPOSITE;12.07.2018;2798.29
S&P 500 COMPOSITE;13.07.2018;2801.31
S&P 500 COMPOSITE;16.07.2018;2798.43
S&P 500 COMPOSITE;17.07.2018;2809.55
S&P 500 COMPOSITE;18.07.2018;2815.62
S&P 500 COMPOSITE;19.07.2018;2804.49
S&P 500 COMPOSITE;20.07.2018;2801.83
S&P 500 COMPOSITE;23.07.2018;2806.98
S&P 500 COMPOSITE;24.07.2018;2820.4
S&P 500 COMPOSITE;25.07.2018;2846.07
S&P 500 COMPOSITE;26.07.2018;2837.44
S&P 500 COMPOSITE;27.07.2018;2818.82
S&P 500 COMPOSITE;30.07.2018;2802.6
S&P 500 COMPOSITE;31.07.2018;2816.29
S&P 500 COMPOSITE;01.08.2018;2813.36
S&P 500 COMPOSITE;02.08.2018;2827.22
S&P 500 COMPOSITE;03.08.2018;2840.35
S&P 500 COMPOSITE;06.08.2018;2850.4
S&P 500 COMPOSITE;07.08.2018;2858.45
S&P 500 COMPOSITE;08.08.2018;2857.7
S&P 500 COMPOSITE;09.08.2018;2853.58
S&P 500 COMPOSITE;10.08.2018;2833.28
S&P 500 COMPOSITE;13.08.2018;2821.93
S&P 500 COMPOSITE;14.08.2018;2839.96
S&P 500 COMPOSITE;15.08.2018;2818.37
S&P 500 COMPOSITE;16.08.2018;2840.69
S&P 500 COMPOSITE;17.08.2018;2850.13
S&P 500 COMPOSITE;20.08.2018;2857.05
S&P 500 COMPOSITE;21.08.2018;2862.96
S&P 500 COMPOSITE;22.08.2018;2861.82
S&P 500 COMPOSITE;23.08.2018;2856.98
S&P 500 COMPOSITE;24.08.2018;2874.69
S&P 500 COMPOSITE;27.08.2018;2896.74
S&P 500 COMPOSITE;28.08.2018;2897.52
S&P 500 COMPOSITE;29.08.2018;2914.04
S&P 500 COMPOSITE;30.08.2018;2901.13
S&P 500 COMPOSITE;31.08.2018;2901.52
S&P 500 COMPOSITE;03.09.2018;2901.52
S&P 500 COMPOSITE;04.09.2018;2896.72
S&P 500 COMPOSITE;05.09.2018;2888.6
S&P 500 COMPOSITE;06.09.2018;2878.05
S&P 500 COMPOSITE;07.09.2018;2871.68
S&P 500 COMPOSITE;10.09.2018;2877.13
S&P 500 COMPOSITE;11.09.2018;2887.89
S&P 500 COMPOSITE;12.09.2018;2888.92
S&P 500 COMPOSITE;13.09.2018;2904.18
S&P 500 COMPOSITE;14.09.2018;2904.98
S&P 500 COMPOSITE;17.09.2018;2888.8
S&P 500 COMPOSITE;18.09.2018;2904.31
S&P 500 COMPOSITE;19.09.2018;2907.95
S&P 500 COMPOSITE;20.09.2018;2930.75
S&P 500 COMPOSITE;21.09.2018;2929.67
S&P 500 COMPOSITE;24.09.2018;2919.37
S&P 500 COMPOSITE;25.09.2018;2915.56
S&P 500 COMPOSITE;26.09.2018;2905.97
S&P 500 COMPOSITE;27.09.2018;2914
S&P 500 COMPOSITE;28.09.2018;2913.98
S&P 500 COMPOSITE;01.10.2018;2924.59
S&P 500 COMPOSITE;02.10.2018;2923.43
S&P 500 COMPOSITE;03.10.2018;2925.51
S&P 500 COMPOSITE;04.10.2018;2901.61
S&P 500 COMPOSITE;05.10.2018;2885.57
S&P 500 COMPOSITE;08.10.2018;2884.43
S&P 500 COMPOSITE;09.10.2018;2880.34
S&P 500 COMPOSITE;10.10.2018;2785.68
S&P 500 COMPOSITE;11.10.2018;2728.37
S&P 500 COMPOSITE;12.10.2018;2767.13
S&P 500 COMPOSITE;15.10.2018;2750.79
S&P 500 COMPOSITE;16.10.2018;2809.92
S&P 500 COMPOSITE;17.10.2018;2809.21
S&P 500 COMPOSITE;18.10.2018;2768.78
S&P 500 COMPOSITE;19.10.2018;2767.78
S&P 500 COMPOSITE;22.10.2018;2755.88
S&P 500 COMPOSITE;23.10.2018;2740.69
S&P 500 COMPOSITE;24.10.2018;2656.1
S&P 500 COMPOSITE;25.10.2018;2705.57
S&P 500 COMPOSITE;26.10.2018;2658.69
S&P 500 COMPOSITE;29.10.2018;2641.25
S&P 500 COMPOSITE;30.10.2018;2682.63
S&P 500 COMPOSITE;31.10.2018;2711.74
S&P 500 COMPOSITE;01.11.2018;2740.37
S&P 500 COMPOSITE;02.11.2018;2723.06
S&P 500 COMPOSITE;05.11.2018;2738.31
S&P 500 COMPOSITE;06.11.2018;2755.45
S&P 500 COMPOSITE;07.11.2018;2813.89
S&P 500 COMPOSITE;08.11.2018;2806.83
S&P 500 COMPOSITE;09.11.2018;2781.01
S&P 500 COMPOSITE;12.11.2018;2726.22
S&P 500 COMPOSITE;13.11.2018;2722.18
S&P 500 COMPOSITE;14.11.2018;2701.58
S&P 500 COMPOSITE;15.11.2018;2730.2
S&P 500 COMPOSITE;16.11.2018;2736.27
S&P 500 COMPOSITE;19.11.2018;2690.73
S&P 500 COMPOSITE;20.11.2018;2641.89
S&P 500 COMPOSITE;21.11.2018;2649.93
S&P 500 COMPOSITE;22.11.2018;2649.93
S&P 500 COMPOSITE;23.11.2018;2632.56
S&P 500 COMPOSITE;26.11.2018;2673.45
S&P 500 COMPOSITE;27.11.2018;2682.17
S&P 500 COMPOSITE;28.11.2018;2743.79
S&P 500 COMPOSITE;29.11.2018;2737.76
S&P 500 COMPOSITE;30.11.2018;2760.17
S&P 500 COMPOSITE;03.12.2018;2790.37
S&P 500 COMPOSITE;04.12.2018;2700.06
S&P 500 COMPOSITE;05.12.2018;2700.06
S&P 500 COMPOSITE;06.12.2018;2695.95
S&P 500 COMPOSITE;07.12.2018;2633.08
S&P 500 COMPOSITE;10.12.2018;2637.72
S&P 500 COMPOSITE;11.12.2018;2636.78
S&P 500 COMPOSITE;12.12.2018;2651.07
S&P 500 COMPOSITE;13.12.2018;2650.54
S&P 500 COMPOSITE;14.12.2018;2599.95
S&P 500 COMPOSITE;17.12.2018;2545.94
S&P 500 COMPOSITE;18.12.2018;2546.16
S&P 500 COMPOSITE;19.12.2018;2506.96
S&P 500 COMPOSITE;20.12.2018;2467.42
S&P 500 COMPOSITE;21.12.2018;2416.62
S&P 500 COMPOSITE;24.12.2018;2351.1
S&P 500 COMPOSITE;25.12.2018;2351.1
S&P 500 COMPOSITE;26.12.2018;2467.7
S&P 500 COMPOSITE;27.12.2018;2488.83
S&P 500 COMPOSITE;28.12.2018;2485.74
S&P 500 COMPOSITE;31.12.2018;2506.85
S&P 500 COMPOSITE;01.01.2019;2506.85
S&P 500 COMPOSITE;02.01.2019;2510.03
S&P 500 COMPOSITE;03.01.2019;2447.89
S&P 500 COMPOSITE;04.01.2019;2531.94
S&P 500 COMPOSITE;07.01.2019;2549.69
S&P 500 COMPOSITE;08.01.2019;2574.41
S&P 500 COMPOSITE;09.01.2019;2584.96
S&P 500 COMPOSITE;10.01.2019;2596.64
S&P 500 COMPOSITE;11.01.2019;2596.26
S&P 500 COMPOSITE;14.01.2019;2582.61
S&P 500 COMPOSITE;15.01.2019;2610.3
S&P 500 COMPOSITE;16.01.2019;2616.1
S&P 500 COMPOSITE;17.01.2019;2635.96
S&P 500 COMPOSITE;18.01.2019;2670.71
S&P 500 COMPOSITE;21.01.2019;2670.71
S&P 500 COMPOSITE;22.01.2019;2632.9
S&P 500 COMPOSITE;23.01.2019;2638.7
S&P 500 COMPOSITE;24.01.2019;2642.33
S&P 500 COMPOSITE;25.01.2019;2664.76
S&P 500 COMPOSITE;28.01.2019;2643.85
S&P 500 COMPOSITE;29.01.2019;2640
S&P 500 COMPOSITE;30.01.2019;2681.05
S&P 500 COMPOSITE;31.01.2019;2704.1
S&P 500 COMPOSITE;01.02.2019;2706.53
S&P 500 COMPOSITE;04.02.2019;2724.87
S&P 500 COMPOSITE;05.02.2019;2737.7
S&P 500 COMPOSITE;06.02.2019;2731.61
S&P 500 COMPOSITE;07.02.2019;2706.05
S&P 500 COMPOSITE;08.02.2019;2707.88
S&P 500 COMPOSITE;11.02.2019;2709.8
S&P 500 COMPOSITE;12.02.2019;2744.73
S&P 500 COMPOSITE;13.02.2019;2753.03
S&P 500 COMPOSITE;14.02.2019;2745.73
S&P 500 COMPOSITE;15.02.2019;2775.6
S&P 500 COMPOSITE;18.02.2019;2775.6
S&P 500 COMPOSITE;19.02.2019;2779.76
S&P 500 COMPOSITE;20.02.2019;2784.7
S&P 500 COMPOSITE;21.02.2019;2774.88
S&P 500 COMPOSITE;22.02.2019;2792.67
S&P 500 COMPOSITE;25.02.2019;2796.11
S&P 500 COMPOSITE;26.02.2019;2793.9
S&P 500 COMPOSITE;27.02.2019;2792.38
S&P 500 COMPOSITE;28.02.2019;2784.49
S&P 500 COMPOSITE;01.03.2019;2803.69
S&P 500 COMPOSITE;04.03.2019;2792.81
S&P 500 COMPOSITE;05.03.2019;2789.65
S&P 500 COMPOSITE;06.03.2019;2771.45
S&P 500 COMPOSITE;07.03.2019;2748.93
S&P 500 COMPOSITE;08.03.2019;2743.07
S&P 500 COMPOSITE;11.03.2019;2783.3
S&P 500 COMPOSITE;12.03.2019;2791.52
S&P 500 COMPOSITE;13.03.2019;2810.92
S&P 500 COMPOSITE;14.03.2019;2808.48
S&P 500 COMPOSITE;15.03.2019;2822.48
S&P 500 COMPOSITE;18.03.2019;2832.94
S&P 500 COMPOSITE;19.03.2019;2832.57
S&P 500 COMPOSITE;20.03.2019;2824.23
S&P 500 COMPOSITE;21.03.2019;2854.88
S&P 500 COMPOSITE;22.03.2019;2800.71
S&P 500 COMPOSITE;25.03.2019;2798.36
S&P 500 COMPOSITE;26.03.2019;2818.46
S&P 500 COMPOSITE;27.03.2019;2805.37
S&P 500 COMPOSITE;28.03.2019;2815.44
S&P 500 COMPOSITE;29.03.2019;2834.4
S&P 500 COMPOSITE;01.04.2019;2867.19
S&P 500 COMPOSITE;02.04.2019;2867.24
S&P 500 COMPOSITE;03.04.2019;2873.4
S&P 500 COMPOSITE;04.04.2019;2879.39
S&P 500 COMPOSITE;05.04.2019;2892.74
S&P 500 COMPOSITE;08.04.2019;2895.77
S&P 500 COMPOSITE;09.04.2019;2878.2
S&P 500 COMPOSITE;10.04.2019;2888.21
S&P 500 COMPOSITE;11.04.2019;2888.32
S&P 500 COMPOSITE;12.04.2019;2907.41
S&P 500 COMPOSITE;15.04.2019;2905.58
S&P 500 COMPOSITE;16.04.2019;2907.06
S&P 500 COMPOSITE;17.04.2019;2900.45
S&P 500 COMPOSITE;18.04.2019;2905.03
S&P 500 COMPOSITE;19.04.2019;2905.03
S&P 500 COMPOSITE;22.04.2019;2907.97
S&P 500 COMPOSITE;23.04.2019;2933.68
S&P 500 COMPOSITE;24.04.2019;2927.25
S&P 500 COMPOSITE;25.04.2019;2926.17
S&P 500 COMPOSITE;26.04.2019;2939.88
S&P 500 COMPOSITE;29.04.2019;2943.03
S&P 500 COMPOSITE;30.04.2019;2945.83
S&P 500 COMPOSITE;01.05.2019;2923.73
S&P 500 COMPOSITE;02.05.2019;2917.52
S&P 500 COMPOSITE;03.05.2019;2945.64
S&P 500 COMPOSITE;06.05.2019;2932.47
S&P 500 COMPOSITE;07.05.2019;2884.05
S&P 500 COMPOSITE;08.05.2019;2879.42
S&P 500 COMPOSITE;09.05.2019;2870.72
S&P 500 COMPOSITE;10.05.2019;2881.4
S&P 500 COMPOSITE;13.05.2019;2811.87
S&P 500 COMPOSITE;14.05.2019;2834.41
S&P 500 COMPOSITE;15.05.2019;2850.96
S&P 500 COMPOSITE;16.05.2019;2876.32
S&P 500 COMPOSITE;17.05.2019;2859.53
S&P 500 COMPOSITE;20.05.2019;2840.23
S&P 500 COMPOSITE;21.05.2019;2864.36
S&P 500 COMPOSITE;22.05.2019;2856.27
S&P 500 COMPOSITE;23.05.2019;2822.24
S&P 500 COMPOSITE;24.05.2019;2826.06
S&P 500 COMPOSITE;27.05.2019;2826.06
S&P 500 COMPOSITE;28.05.2019;2802.39
S&P 500 COMPOSITE;29.05.2019;2783.02
S&P 500 COMPOSITE;30.05.2019;2788.86
S&P 500 COMPOSITE;31.05.2019;2752.06
S&P 500 COMPOSITE;03.06.2019;2744.45
S&P 500 COMPOSITE;04.06.2019;2803.27
S&P 500 COMPOSITE;05.06.2019;2826.15
S&P 500 COMPOSITE;06.06.2019;2843.49
S&P 500 COMPOSITE;07.06.2019;2873.34
S&P 500 COMPOSITE;10.06.2019;2886.73
S&P 500 COMPOSITE;11.06.2019;2885.72
S&P 500 COMPOSITE;12.06.2019;2879.84
S&P 500 COMPOSITE;13.06.2019;2891.64
S&P 500 COMPOSITE;14.06.2019;2886.98
S&P 500 COMPOSITE;17.06.2019;2889.67
S&P 500 COMPOSITE;18.06.2019;2917.75
S&P 500 COMPOSITE;19.06.2019;2926.46
S&P 500 COMPOSITE;20.06.2019;2954.18
S&P 500 COMPOSITE;21.06.2019;2950.46
S&P 500 COMPOSITE;24.06.2019;2945.35
S&P 500 COMPOSITE;25.06.2019;2917.38
S&P 500 COMPOSITE;26.06.2019;2913.78
S&P 500 COMPOSITE;27.06.2019;2924.92
S&P 500 COMPOSITE;28.06.2019;2941.76
S&P 500 COMPOSITE;01.07.2019;2964.33
S&P 500 COMPOSITE;02.07.2019;2973.01
S&P 500 COMPOSITE;03.07.2019;2995.82
S&P 500 COMPOSITE;04.07.2019;2995.82
S&P 500 COMPOSITE;05.07.2019;2990.41
S&P 500 COMPOSITE;08.07.2019;2975.95
S&P 500 COMPOSITE;09.07.2019;2979.63
S&P 500 COMPOSITE;10.07.2019;2993.07
S&P 500 COMPOSITE;11.07.2019;2999.91
S&P 500 COMPOSITE;12.07.2019;3013.77
S&P 500 COMPOSITE;15.07.2019;3014.3
S&P 500 COMPOSITE;16.07.2019;3004.04
S&P 500 COMPOSITE;17.07.2019;2984.42
S&P 500 COMPOSITE;18.07.2019;2995.11
S&P 500 COMPOSITE;19.07.2019;2976.61
S&P 500 COMPOSITE;22.07.2019;2985.03
S&P 500 COMPOSITE;23.07.2019;3005.47
S&P 500 COMPOSITE;24.07.2019;3019.56
S&P 500 COMPOSITE;25.07.2019;3003.67
S&P 500 COMPOSITE;26.07.2019;3025.86
S&P 500 COMPOSITE;29.07.2019;3020.97
S&P 500 COMPOSITE;30.07.2019;3013.18
S&P 500 COMPOSITE;31.07.2019;2980.38
S&P 500 COMPOSITE;01.08.2019;2953.56
S&P 500 COMPOSITE;02.08.2019;2932.05
S&P 500 COMPOSITE;05.08.2019;2844.74
S&P 500 COMPOSITE;06.08.2019;2881.77
S&P 500 COMPOSITE;07.08.2019;2883.98
S&P 500 COMPOSITE;08.08.2019;2938.09
S&P 500 COMPOSITE;09.08.2019;2918.65
S&P 500 COMPOSITE;12.08.2019;2883.75
S&P 500 COMPOSITE;13.08.2019;2926.32
S&P 500 COMPOSITE;14.08.2019;2840.6
S&P 500 COMPOSITE;15.08.2019;2847.6
S&P 500 COMPOSITE;16.08.2019;2888.68
S&P 500 COMPOSITE;19.08.2019;2923.65
S&P 500 COMPOSITE;20.08.2019;2900.51
S&P 500 COMPOSITE;21.08.2019;2924.43
S&P 500 COMPOSITE;22.08.2019;2922.95
S&P 500 COMPOSITE;23.08.2019;2847.11
S&P 500 COMPOSITE;26.08.2019;2878.38
S&P 500 COMPOSITE;27.08.2019;2869.16
S&P 500 COMPOSITE;28.08.2019;2887.94
S&P 500 COMPOSITE;29.08.2019;2924.58
S&P 500 COMPOSITE;30.08.2019;2926.46
S&P 500 COMPOSITE;02.09.2019;2926.46
S&P 500 COMPOSITE;03.09.2019;2906.27
S&P 500 COMPOSITE;04.09.2019;2937.78
S&P 500 COMPOSITE;05.09.2019;2976
S&P 500 COMPOSITE;06.09.2019;2978.71
S&P 500 COMPOSITE;09.09.2019;2978.43
S&P 500 COMPOSITE;10.09.2019;2979.39
S&P 500 COMPOSITE;11.09.2019;3000.93
S&P 500 COMPOSITE;12.09.2019;3009.57
S&P 500 COMPOSITE;13.09.2019;3007.39
S&P 500 COMPOSITE;16.09.2019;2997.96
S&P 500 COMPOSITE;17.09.2019;3005.7
S&P 500 COMPOSITE;18.09.2019;3006.73
S&P 500 COMPOSITE;19.09.2019;3006.79
S&P 500 COMPOSITE;20.09.2019;2992.07
S&P 500 COMPOSITE;23.09.2019;2991.78
S&P 500 COMPOSITE;24.09.2019;2966.6
S&P 500 COMPOSITE;25.09.2019;2984.87
S&P 500 COMPOSITE;26.09.2019;2977.62
S&P 500 COMPOSITE;27.09.2019;2961.79
S&P 500 COMPOSITE;30.09.2019;2976.74
S&P 500 COMPOSITE;01.10.2019;2940.25
S&P 500 COMPOSITE;02.10.2019;2887.61
S&P 500 COMPOSITE;03.10.2019;2910.63
S&P 500 COMPOSITE;04.10.2019;2952.01
S&P 500 COMPOSITE;07.10.2019;2938.79
S&P 500 COMPOSITE;08.10.2019;2893.06
S&P 500 COMPOSITE;09.10.2019;2919.4
S&P 500 COMPOSITE;10.10.2019;2938.13
S&P 500 COMPOSITE;11.10.2019;2970.27
S&P 500 COMPOSITE;14.10.2019;2966.15
S&P 500 COMPOSITE;15.10.2019;2995.68
S&P 500 COMPOSITE;16.10.2019;2989.69
S&P 500 COMPOSITE;17.10.2019;2997.95
S&P 500 COMPOSITE;18.10.2019;2986.2
S&P 500 COMPOSITE;21.10.2019;3006.72
S&P 500 COMPOSITE;22.10.2019;2995.99
S&P 500 COMPOSITE;23.10.2019;3004.52
S&P 500 COMPOSITE;24.10.2019;3010.29
S&P 500 COMPOSITE;25.10.2019;3022.55
S&P 500 COMPOSITE;28.10.2019;3039.42
S&P 500 COMPOSITE;29.10.2019;3036.89
S&P 500 COMPOSITE;30.10.2019;3046.77
S&P 500 COMPOSITE;31.10.2019;3037.56
S&P 500 COMPOSITE;01.11.2019;3066.91
S&P 500 COMPOSITE;04.11.2019;3078.27
S&P 500 COMPOSITE;05.11.2019;3074.62
S&P 500 COMPOSITE;06.11.2019;3076.78
S&P 500 COMPOSITE;07.11.2019;3085.18
S&P 500 COMPOSITE;08.11.2019;3093.08
S&P 500 COMPOSITE;11.11.2019;3087.01
S&P 500 COMPOSITE;12.11.2019;3091.84
S&P 500 COMPOSITE;13.11.2019;3094.04
S&P 500 COMPOSITE;14.11.2019;3096.63
S&P 500 COMPOSITE;15.11.2019;3120.46
S&P 500 COMPOSITE;18.11.2019;3122.03
S&P 500 COMPOSITE;19.11.2019;3120.18
S&P 500 COMPOSITE;20.11.2019;3108.46
S&P 500 COMPOSITE;21.11.2019;3103.54
S&P 500 COMPOSITE;22.11.2019;3110.29
S&P 500 COMPOSITE;25.11.2019;3133.64
S&P 500 COMPOSITE;26.11.2019;3140.52
S&P 500 COMPOSITE;27.11.2019;3153.63
S&P 500 COMPOSITE;28.11.2019;3153.63
S&P 500 COMPOSITE;29.11.2019;3140.98
S&P 500 COMPOSITE;02.12.2019;3113.87
S&P 500 COMPOSITE;03.12.2019;3093.2
S&P 500 COMPOSITE;04.12.2019;3112.76
S&P 500 COMPOSITE;05.12.2019;3117.43
S&P 500 COMPOSITE;06.12.2019;3145.91
S&P 500 COMPOSITE;09.12.2019;3135.96
S&P 500 COMPOSITE;10.12.2019;3132.52
S&P 500 COMPOSITE;11.12.2019;3141.63
S&P 500 COMPOSITE;12.12.2019;3168.57
S&P 500 COMPOSITE;13.12.2019;3168.8
S&P 500 COMPOSITE;16.12.2019;3191.45
S&P 500 COMPOSITE;17.12.2019;3192.52
S&P 500 COMPOSITE;18.12.2019;3191.14
S&P 500 COMPOSITE;19.12.2019;3205.37
S&P 500 COMPOSITE;20.12.2019;3221.22
S&P 500 COMPOSITE;23.12.2019;3224.01
S&P 500 COMPOSITE;24.12.2019;3223.38
S&P 500 COMPOSITE;25.12.2019;3223.38
S&P 500 COMPOSITE;26.12.2019;3239.91
S&P 500 COMPOSITE;27.12.2019;3240.02
S&P 500 COMPOSITE;30.12.2019;3221.29
S&P 500 COMPOSITE;31.12.2019;3230.78
S&P 500 COMPOSITE;01.01.2020;3230.78
S&P 500 COMPOSITE;02.01.2020;3257.85
S&P 500 COMPOSITE;03.01.2020;3234.85
S&P 500 COMPOSITE;06.01.2020;3246.28
S&P 500 COMPOSITE;07.01.2020;3237.18
S&P 500 COMPOSITE;08.01.2020;3253.05
S&P 500 COMPOSITE;09.01.2020;3274.7
S&P 500 COMPOSITE;10.01.2020;3265.35
S&P 500 COMPOSITE;13.01.2020;3288.13
S&P 500 COMPOSITE;14.01.2020;3283.15
S&P 500 COMPOSITE;15.01.2020;3289.29
S&P 500 COMPOSITE;16.01.2020;3316.81
S&P 500 COMPOSITE;17.01.2020;3329.62
S&P 500 COMPOSITE;20.01.2020;3329.62
S&P 500 COMPOSITE;21.01.2020;3320.79
S&P 500 COMPOSITE;22.01.2020;3321.75
S&P 500 COMPOSITE;23.01.2020;3325.54
S&P 500 COMPOSITE;24.01.2020;3295.47
S&P 500 COMPOSITE;27.01.2020;3243.63
S&P 500 COMPOSITE;28.01.2020;3276.24
S&P 500 COMPOSITE;29.01.2020;3273.4
S&P 500 COMPOSITE;30.01.2020;3283.66
S&P 500 COMPOSITE;31.01.2020;3225.52
S&P 500 COMPOSITE;03.02.2020;3248.92
S&P 500 COMPOSITE;04.02.2020;3297.59
S&P 500 COMPOSITE;05.02.2020;3334.69
S&P 500 COMPOSITE;06.02.2020;3345.78
S&P 500 COMPOSITE;07.02.2020;3327.71
S&P 500 COMPOSITE;10.02.2020;3352.09
S&P 500 COMPOSITE;11.02.2020;3357.75
S&P 500 COMPOSITE;12.02.2020;3379.45
S&P 500 COMPOSITE;13.02.2020;3373.94
S&P 500 COMPOSITE;14.02.2020;3380.16
S&P 500 COMPOSITE;17.02.2020;3380.16
S&P 500 COMPOSITE;18.02.2020;3370.29
S&P 500 COMPOSITE;19.02.2020;3386.15
S&P 500 COMPOSITE;20.02.2020;3373.23
S&P 500 COMPOSITE;21.02.2020;3337.75
S&P 500 COMPOSITE;24.02.2020;3225.89
S&P 500 COMPOSITE;25.02.2020;3128.21
S&P 500 COMPOSITE;26.02.2020;3116.39
S&P 500 COMPOSITE;27.02.2020;2978.76
S&P 500 COMPOSITE;28.02.2020;2954.22
S&P 500 COMPOSITE;02.03.2020;3090.23
S&P 500 COMPOSITE;03.03.2020;3003.37
S&P 500 COMPOSITE;04.03.2020;3130.12
S&P 500 COMPOSITE;05.03.2020;3023.94
S&P 500 COMPOSITE;06.03.2020;2972.37
S&P 500 COMPOSITE;09.03.2020;2746.56
S&P 500 COMPOSITE;10.03.2020;2882.23
S&P 500 COMPOSITE;11.03.2020;2741.38
S&P 500 COMPOSITE;12.03.2020;2480.64
S&P 500 COMPOSITE;13.03.2020;2711.02
S&P 500 COMPOSITE;16.03.2020;2386.13
S&P 500 COMPOSITE;17.03.2020;2529.19
S&P 500 COMPOSITE;18.03.2020;2398.1
S&P 500 COMPOSITE;19.03.2020;2409.39
S&P 500 COMPOSITE;20.03.2020;2304.92
S&P 500 COMPOSITE;23.03.2020;2237.4
S&P 500 COMPOSITE;24.03.2020;2447.33
S&P 500 COMPOSITE;25.03.2020;2475.56
S&P 500 COMPOSITE;26.03.2020;2630.07
S&P 500 COMPOSITE;27.03.2020;2541.47
S&P 500 COMPOSITE;30.03.2020;2626.65
S&P 500 COMPOSITE;31.03.2020;2584.59
S&P 500 COMPOSITE;01.04.2020;2470.5
S&P 500 COMPOSITE;02.04.2020;2526.9
S&P 500 COMPOSITE;03.04.2020;2488.65
S&P 500 COMPOSITE;06.04.2020;2663.68
S&P 500 COMPOSITE;07.04.2020;2659.41
S&P 500 COMPOSITE;08.04.2020;2749.98
S&P 500 COMPOSITE;09.04.2020;2789.82
S&P 500 COMPOSITE;10.04.2020;2789.82
S&P 500 COMPOSITE;13.04.2020;2761.63
S&P 500 COMPOSITE;14.04.2020;2846.06
S&P 500 COMPOSITE;15.04.2020;2783.36
S&P 500 COMPOSITE;16.04.2020;2799.55
S&P 500 COMPOSITE;17.04.2020;2874.56
S&P 500 COMPOSITE;20.04.2020;2823.16
S&P 500 COMPOSITE;21.04.2020;2736.56
S&P 500 COMPOSITE;22.04.2020;2799.31
S&P 500 COMPOSITE;23.04.2020;2797.8
S&P 500 COMPOSITE;24.04.2020;2836.74
S&P 500 COMPOSITE;27.04.2020;2878.48
S&P 500 COMPOSITE;28.04.2020;2863.39
S&P 500 COMPOSITE;29.04.2020;2939.51
S&P 500 COMPOSITE;30.04.2020;2912.43
S&P 500 COMPOSITE;01.05.2020;2830.71
S&P 500 COMPOSITE;04.05.2020;2842.74
S&P 500 COMPOSITE;05.05.2020;2868.44
S&P 500 COMPOSITE;06.05.2020;2848.42
S&P 500 COMPOSITE;07.05.2020;2881.19
S&P 500 COMPOSITE;08.05.2020;2929.8
S&P 500 COMPOSITE;11.05.2020;2930.32
S&P 500 COMPOSITE;12.05.2020;2870.12
S&P 500 COMPOSITE;13.05.2020;2820
S&P 500 COMPOSITE;14.05.2020;2852.5
S&P 500 COMPOSITE;15.05.2020;2863.7
S&P 500 COMPOSITE;18.05.2020;2953.91
S&P 500 COMPOSITE;19.05.2020;2922.94
S&P 500 COMPOSITE;20.05.2020;2971.61
S&P 500 COMPOSITE;21.05.2020;2948.51
S&P 500 COMPOSITE;22.05.2020;2955.45
S&P 500 COMPOSITE;25.05.2020;2955.45
S&P 500 COMPOSITE;26.05.2020;2991.77
S&P 500 COMPOSITE;27.05.2020;3036.13
S&P 500 COMPOSITE;28.05.2020;3029.73
S&P 500 COMPOSITE;29.05.2020;3044.31
S&P 500 COMPOSITE;01.06.2020;3055.73
S&P 500 COMPOSITE;02.06.2020;3080.82
S&P 500 COMPOSITE;03.06.2020;3122.87
S&P 500 COMPOSITE;04.06.2020;3112.35
S&P 500 COMPOSITE;05.06.2020;3193.93
S&P 500 COMPOSITE;08.06.2020;3232.39
S&P 500 COMPOSITE;09.06.2020;3207.18
S&P 500 COMPOSITE;10.06.2020;3190.14
S&P 500 COMPOSITE;11.06.2020;3002.1
S&P 500 COMPOSITE;12.06.2020;3041.31
S&P 500 COMPOSITE;15.06.2020;3066.59
S&P 500 COMPOSITE;16.06.2020;3124.74
S&P 500 COMPOSITE;17.06.2020;3113.49
S&P 500 COMPOSITE;18.06.2020;3115.34
S&P 500 COMPOSITE;19.06.2020;3097.74
S&P 500 COMPOSITE;22.06.2020;3117.86
S&P 500 COMPOSITE;23.06.2020;3131.29
S&P 500 COMPOSITE;24.06.2020;3050.33
S&P 500 COMPOSITE;25.06.2020;3083.76
S&P 500 COMPOSITE;26.06.2020;3009.05
S&P 500 COMPOSITE;29.06.2020;3053.24
S&P 500 COMPOSITE;30.06.2020;3100.29
S&P 500 COMPOSITE;01.07.2020;3115.86
S&P 500 COMPOSITE;02.07.2020;3130.01
S&P 500 COMPOSITE;03.07.2020;3130.01
S&P 500 COMPOSITE;06.07.2020;3179.72
S&P 500 COMPOSITE;07.07.2020;3145.32
S&P 500 COMPOSITE;08.07.2020;3169.94
S&P 500 COMPOSITE;09.07.2020;3152.05
S&P 500 COMPOSITE;10.07.2020;3185.04
S&P 500 COMPOSITE;13.07.2020;3155.22
S&P 500 COMPOSITE;14.07.2020;3197.52
S&P 500 COMPOSITE;15.07.2020;3226.56
S&P 500 COMPOSITE;16.07.2020;3215.57
S&P 500 COMPOSITE;17.07.2020;3224.73
S&P 500 COMPOSITE;20.07.2020;3251.84
S&P 500 COMPOSITE;21.07.2020;3257.3
S&P 500 COMPOSITE;22.07.2020;3276.02
S&P 500 COMPOSITE;23.07.2020;3235.66
S&P 500 COMPOSITE;24.07.2020;3215.63
S&P 500 COMPOSITE;27.07.2020;3239.41
S&P 500 COMPOSITE;28.07.2020;3218.44
S&P 500 COMPOSITE;29.07.2020;3258.44
S&P 500 COMPOSITE;30.07.2020;3246.22
S&P 500 COMPOSITE;31.07.2020;3271.12
S&P 500 COMPOSITE;03.08.2020;3294.61
S&P 500 COMPOSITE;04.08.2020;3306.51
S&P 500 COMPOSITE;05.08.2020;3327.77
S&P 500 COMPOSITE;06.08.2020;3349.16
S&P 500 COMPOSITE;07.08.2020;3351.28
S&P 500 COMPOSITE;10.08.2020;3360.47
S&P 500 COMPOSITE;11.08.2020;3333.69
S&P 500 COMPOSITE;12.08.2020;3380.35
S&P 500 COMPOSITE;13.08.2020;3373.43
S&P 500 COMPOSITE;14.08.2020;3372.85
S&P 500 COMPOSITE;17.08.2020;3381.99
S&P 500 COMPOSITE;18.08.2020;3389.78
S&P 500 COMPOSITE;19.08.2020;3374.85
S&P 500 COMPOSITE;20.08.2020;3385.51
S&P 500 COMPOSITE;21.08.2020;3397.16
S&P 500 COMPOSITE;24.08.2020;3431.28
S&P 500 COMPOSITE;25.08.2020;3443.62
S&P 500 COMPOSITE;26.08.2020;3478.73
S&P 500 COMPOSITE;27.08.2020;3484.55
S&P 500 COMPOSITE;28.08.2020;3508.01
S&P 500 COMPOSITE;31.08.2020;3500.31
S&P 500 COMPOSITE;01.09.2020;3526.65
S&P 500 COMPOSITE;02.09.2020;3580.84
S&P 500 COMPOSITE;03.09.2020;3455.06
S&P 500 COMPOSITE;04.09.2020;3426.96
S&P 500 COMPOSITE;07.09.2020;3426.96
S&P 500 COMPOSITE;08.09.2020;3331.84
S&P 500 COMPOSITE;09.09.2020;3398.96
S&P 500 COMPOSITE;10.09.2020;3339.19
S&P 500 COMPOSITE;11.09.2020;3340.97
S&P 500 COMPOSITE;14.09.2020;3383.54
S&P 500 COMPOSITE;15.09.2020;3401.2
S&P 500 COMPOSITE;16.09.2020;3385.49
S&P 500 COMPOSITE;17.09.2020;3357.01
S&P 500 COMPOSITE;18.09.2020;3319.47
S&P 500 COMPOSITE;21.09.2020;3281.06
S&P 500 COMPOSITE;22.09.2020;3315.57
S&P 500 COMPOSITE;23.09.2020;3236.92
S&P 500 COMPOSITE;24.09.2020;3246.59
S&P 500 COMPOSITE;25.09.2020;3298.46
S&P 500 COMPOSITE;28.09.2020;3351.6
S&P 500 COMPOSITE;29.09.2020;3335.47
S&P 500 COMPOSITE;30.09.2020;3363
S&P 500 COMPOSITE;01.10.2020;3380.8
S&P 500 COMPOSITE;02.10.2020;3348.44
S&P 500 COMPOSITE;05.10.2020;3408.63
S&P 500 COMPOSITE;06.10.2020;3360.95
S&P 500 COMPOSITE;07.10.2020;3419.45
S&P 500 COMPOSITE;08.10.2020;3446.83
S&P 500 COMPOSITE;09.10.2020;3477.13
S&P 500 COMPOSITE;12.10.2020;3534.22
S&P 500 COMPOSITE;13.10.2020;3511.93
S&P 500 COMPOSITE;14.10.2020;3488.67
S&P 500 COMPOSITE;15.10.2020;3483.34
S&P 500 COMPOSITE;16.10.2020;3483.81
S&P 500 COMPOSITE;19.10.2020;3426.92
S&P 500 COMPOSITE;20.10.2020;3443.12
S&P 500 COMPOSITE;21.10.2020;3435.56
S&P 500 COMPOSITE;22.10.2020;3453.49
S&P 500 COMPOSITE;23.10.2020;3465.39
S&P 500 COMPOSITE;26.10.2020;3400.97
S&P 500 COMPOSITE;27.10.2020;3390.68
S&P 500 COMPOSITE;28.10.2020;3271.03
S&P 500 COMPOSITE;29.10.2020;3310.11
S&P 500 COMPOSITE;30.10.2020;3269.96
S&P 500 COMPOSITE;02.11.2020;3310.24
S&P 500 COMPOSITE;03.11.2020;3369.16
S&P 500 COMPOSITE;04.11.2020;3443.44
S&P 500 COMPOSITE;05.11.2020;3510.45
S&P 500 COMPOSITE;06.11.2020;3509.44
S&P 500 COMPOSITE;09.11.2020;3550.5
S&P 500 COMPOSITE;10.11.2020;3545.53
S&P 500 COMPOSITE;11.11.2020;3572.66
S&P 500 COMPOSITE;12.11.2020;3537.01
S&P 500 COMPOSITE;13.11.2020;3585.15
S&P 500 COMPOSITE;16.11.2020;3626.91
S&P 500 COMPOSITE;17.11.2020;3609.53
S&P 500 COMPOSITE;18.11.2020;3567.79
S&P 500 COMPOSITE;19.11.2020;3581.87
S&P 500 COMPOSITE;20.11.2020;3557.54
S&P 500 COMPOSITE;23.11.2020;3577.59
S&P 500 COMPOSITE;24.11.2020;3635.41
S&P 500 COMPOSITE;25.11.2020;3629.65
S&P 500 COMPOSITE;26.11.2020;3629.65
S&P 500 COMPOSITE;27.11.2020;3638.35
S&P 500 COMPOSITE;30.11.2020;3621.63
S&P 500 COMPOSITE;01.12.2020;3662.45
S&P 500 COMPOSITE;02.12.2020;3669.01
S&P 500 COMPOSITE;03.12.2020;3666.72
S&P 500 COMPOSITE;04.12.2020;3699.12
S&P 500 COMPOSITE;07.12.2020;3691.96
S&P 500 COMPOSITE;08.12.2020;3702.25
S&P 500 COMPOSITE;09.12.2020;3672.82
S&P 500 COMPOSITE;10.12.2020;3668.1
S&P 500 COMPOSITE;11.12.2020;3663.46
S&P 500 COMPOSITE;14.12.2020;3647.49
S&P 500 COMPOSITE;15.12.2020;3694.62
S&P 500 COMPOSITE;16.12.2020;3701.17
S&P 500 COMPOSITE;17.12.2020;3722.48
S&P 500 COMPOSITE;18.12.2020;3709.41
S&P 500 COMPOSITE;21.12.2020;3694.92
S&P 500 COMPOSITE;22.12.2020;3687.26
S&P 500 COMPOSITE;23.12.2020;3690.01
S&P 500 COMPOSITE;24.12.2020;3703.06
S&P 500 COMPOSITE;25.12.2020;3703.06
S&P 500 COMPOSITE;28.12.2020;3735.36
S&P 500 COMPOSITE;29.12.2020;3727.04
S&P 500 COMPOSITE;30.12.2020;3732.04
S&P 500 COMPOSITE;31.12.2020;3756.07
S&P 500 COMPOSITE;01.01.2021;3756.07
S&P 500 COMPOSITE;04.01.2021;3700.65
S&P 500 COMPOSITE;05.01.2021;3726.86
S&P 500 COMPOSITE;06.01.2021;3748.14
S&P 500 COMPOSITE;07.01.2021;3803.79
S&P 500 COMPOSITE;08.01.2021;3824.68
S&P 500 COMPOSITE;11.01.2021;3799.61
S&P 500 COMPOSITE;12.01.2021;3801.19
S&P 500 COMPOSITE;13.01.2021;3809.84
S&P 500 COMPOSITE;14.01.2021;3795.54
S&P 500 COMPOSITE;15.01.2021;3768.25
S&P 500 COMPOSITE;18.01.2021;3768.25
S&P 500 COMPOSITE;19.01.2021;3798.91
S&P 500 COMPOSITE;20.01.2021;3851.85
S&P 500 COMPOSITE;21.01.2021;3853.07
S&P 500 COMPOSITE;22.01.2021;3841.47
S&P 500 COMPOSITE;25.01.2021;3855.36
S&P 500 COMPOSITE;26.01.2021;3849.62
S&P 500 COMPOSITE;27.01.2021;3750.77
S&P 500 COMPOSITE;28.01.2021;3787.38
S&P 500 COMPOSITE;29.01.2021;3714.24
S&P 500 COMPOSITE;01.02.2021;3773.86
S&P 500 COMPOSITE;02.02.2021;3826.31
S&P 500 COMPOSITE;03.02.2021;3830.17
S&P 500 COMPOSITE;04.02.2021;3871.74
S&P 500 COMPOSITE;05.02.2021;3886.83
S&P 500 COMPOSITE;08.02.2021;3915.59
S&P 500 COMPOSITE;09.02.2021;3911.23
S&P 500 COMPOSITE;10.02.2021;3909.88
S&P 500 COMPOSITE;11.02.2021;3916.38
S&P 500 COMPOSITE;12.02.2021;3934.83
S&P 500 COMPOSITE;15.02.2021;3934.83
S&P 500 COMPOSITE;16.02.2021;3932.59
S&P 500 COMPOSITE;17.02.2021;3931.33
S&P 500 COMPOSITE;18.02.2021;3913.97
S&P 500 COMPOSITE;19.02.2021;3906.71
S&P 500 COMPOSITE;22.02.2021;3876.5
S&P 500 COMPOSITE;23.02.2021;3881.37
S&P 500 COMPOSITE;24.02.2021;3925.43
S&P 500 COMPOSITE;25.02.2021;3829.34
S&P 500 COMPOSITE;26.02.2021;3811.15
S&P 500 COMPOSITE;01.03.2021;3901.82
S&P 500 COMPOSITE;02.03.2021;3870.29
S&P 500 COMPOSITE;03.03.2021;3819.72
S&P 500 COMPOSITE;04.03.2021;3768.47
S&P 500 COMPOSITE;05.03.2021;3841.94
S&P 500 COMPOSITE;08.03.2021;3821.35
S&P 500 COMPOSITE;09.03.2021;3875.44
S&P 500 COMPOSITE;10.03.2021;3898.81
S&P 500 COMPOSITE;11.03.2021;3939.34
S&P 500 COMPOSITE;12.03.2021;3943.34
S&P 500 COMPOSITE;15.03.2021;3968.94
S&P 500 COMPOSITE;16.03.2021;3962.71
S&P 500 COMPOSITE;17.03.2021;3974.12
S&P 500 COMPOSITE;18.03.2021;3915.46
S&P 500 COMPOSITE;19.03.2021;3913.1
S&P 500 COMPOSITE;22.03.2021;3940.59
S&P 500 COMPOSITE;23.03.2021;3910.52
S&P 500 COMPOSITE;24.03.2021;3889.14
S&P 500 COMPOSITE;25.03.2021;3909.52
S&P 500 COMPOSITE;26.03.2021;3974.54
S&P 500 COMPOSITE;29.03.2021;3971.09
S&P 500 COMPOSITE;30.03.2021;3958.55
S&P 500 COMPOSITE;31.03.2021;3972.89
S&P 500 COMPOSITE;01.04.2021;4019.87
S&P 500 COMPOSITE;02.04.2021;4019.87
S&P 500 COMPOSITE;05.04.2021;4077.91
S&P 500 COMPOSITE;06.04.2021;4073.94
S&P 500 COMPOSITE;07.04.2021;4079.95
S&P 500 COMPOSITE;08.04.2021;4097.17
S&P 500 COMPOSITE;09.04.2021;4128.8
S&P 500 COMPOSITE;12.04.2021;4127.99
S&P 500 COMPOSITE;13.04.2021;4141.59
S&P 500 COMPOSITE;14.04.2021;4124.66
S&P 500 COMPOSITE;15.04.2021;4170.42
S&P 500 COMPOSITE;16.04.2021;4185.47
S&P 500 COMPOSITE;19.04.2021;4163.26
S&P 500 COMPOSITE;20.04.2021;4134.94
S&P 500 COMPOSITE;21.04.2021;4173.42
S&P 500 COMPOSITE;22.04.2021;4134.98
S&P 500 COMPOSITE;23.04.2021;4180.17
S&P 500 COMPOSITE;26.04.2021;4187.62
S&P 500 COMPOSITE;27.04.2021;4186.72
S&P 500 COMPOSITE;28.04.2021;4183.18
S&P 500 COMPOSITE;29.04.2021;4211.47
S&P 500 COMPOSITE;30.04.2021;4181.17
S&P 500 COMPOSITE;03.05.2021;4192.66
S&P 500 COMPOSITE;04.05.2021;4164.66
S&P 500 COMPOSITE;05.05.2021;4167.59
S&P 500 COMPOSITE;06.05.2021;4201.62
S&P 500 COMPOSITE;07.05.2021;4232.6
S&P 500 COMPOSITE;10.05.2021;4188.43
S&P 500 COMPOSITE;11.05.2021;4152.1
S&P 500 COMPOSITE;12.05.2021;4063.04
S&P 500 COMPOSITE;13.05.2021;4112.5
S&P 500 COMPOSITE;14.05.2021;4173.85
S&P 500 COMPOSITE;17.05.2021;4163.29
S&P 500 COMPOSITE;18.05.2021;4127.83
S&P 500 COMPOSITE;19.05.2021;4115.68
S&P 500 COMPOSITE;20.05.2021;4159.12
S&P 500 COMPOSITE;21.05.2021;4155.86
S&P 500 COMPOSITE;24.05.2021;4197.05
S&P 500 COMPOSITE;25.05.2021;4188.13
S&P 500 COMPOSITE;26.05.2021;4195.99
S&P 500 COMPOSITE;27.05.2021;4200.88
S&P 500 COMPOSITE;28.05.2021;4204.11
S&P 500 COMPOSITE;31.05.2021;4204.11
S&P 500 COMPOSITE;01.06.2021;4202.04
S&P 500 COMPOSITE;02.06.2021;4208.12
S&P 500 COMPOSITE;03.06.2021;4192.85
S&P 500 COMPOSITE;04.06.2021;4229.89
S&P 500 COMPOSITE;07.06.2021;4226.52
S&P 500 COMPOSITE;08.06.2021;4227.26
S&P 500 COMPOSITE;09.06.2021;4219.55
S&P 500 COMPOSITE;10.06.2021;4239.18
S&P 500 COMPOSITE;11.06.2021;4247.44
S&P 500 COMPOSITE;14.06.2021;4255.15
S&P 500 COMPOSITE;15.06.2021;4246.59
S&P 500 COMPOSITE;16.06.2021;4223.7
S&P 500 COMPOSITE;17.06.2021;4221.86
S&P 500 COMPOSITE;18.06.2021;4166.45
S&P 500 COMPOSITE;21.06.2021;4224.79
S&P 500 COMPOSITE;22.06.2021;4246.44
S&P 500 COMPOSITE;23.06.2021;4241.84
S&P 500 COMPOSITE;24.06.2021;4266.49
S&P 500 COMPOSITE;25.06.2021;4280.7
S&P 500 COMPOSITE;28.06.2021;4290.61
S&P 500 COMPOSITE;29.06.2021;4291.8
S&P 500 COMPOSITE;30.06.2021;4297.5
S&P 500 COMPOSITE;01.07.2021;4319.94
S&P 500 COMPOSITE;02.07.2021;4352.34
S&P 500 COMPOSITE;05.07.2021;4352.34
S&P 500 COMPOSITE;06.07.2021;4343.54
S&P 500 COMPOSITE;07.07.2021;4358.13
S&P 500 COMPOSITE;08.07.2021;4320.82
S&P 500 COMPOSITE;09.07.2021;4369.55
S&P 500 COMPOSITE;12.07.2021;4384.63
S&P 500 COMPOSITE;13.07.2021;4369.21
S&P 500 COMPOSITE;14.07.2021;4374.3
S&P 500 COMPOSITE;15.07.2021;4360.03
S&P 500 COMPOSITE;16.07.2021;4327.16
S&P 500 COMPOSITE;19.07.2021;4258.49
S&P 500 COMPOSITE;20.07.2021;4323.06
S&P 500 COMPOSITE;21.07.2021;4358.69
S&P 500 COMPOSITE;22.07.2021;4367.48
S&P 500 COMPOSITE;23.07.2021;4411.79
S&P 500 COMPOSITE;26.07.2021;4422.3
S&P 500 COMPOSITE;27.07.2021;4401.46
S&P 500 COMPOSITE;28.07.2021;4400.64
S&P 500 COMPOSITE;29.07.2021;4419.15
S&P 500 COMPOSITE;30.07.2021;4395.26
S&P 500 COMPOSITE;02.08.2021;4387.16
S&P 500 COMPOSITE;03.08.2021;4423.15
S&P 500 COMPOSITE;04.08.2021;4402.66
S&P 500 COMPOSITE;05.08.2021;4429.1
S&P 500 COMPOSITE;06.08.2021;4436.52
S&P 500 COMPOSITE;09.08.2021;4432.35
S&P 500 COMPOSITE;10.08.2021;4436.75
S&P 500 COMPOSITE;11.08.2021;4447.7
S&P 500 COMPOSITE;12.08.2021;4460.83
S&P 500 COMPOSITE;13.08.2021;4468
S&P 500 COMPOSITE;16.08.2021;4479.71
S&P 500 COMPOSITE;17.08.2021;4448.08
S&P 500 COMPOSITE;18.08.2021;4400.27
S&P 500 COMPOSITE;19.08.2021;4405.8
S&P 500 COMPOSITE;20.08.2021;4441.67
S&P 500 COMPOSITE;23.08.2021;4479.53
S&P 500 COMPOSITE;24.08.2021;4486.23
S&P 500 COMPOSITE;25.08.2021;4496.19
S&P 500 COMPOSITE;26.08.2021;4470
S&P 500 COMPOSITE;27.08.2021;4509.37
S&P 500 COMPOSITE;30.08.2021;4528.79
S&P 500 COMPOSITE;31.08.2021;4522.68
S&P 500 COMPOSITE;01.09.2021;4524.09
S&P 500 COMPOSITE;02.09.2021;4536.95
S&P 500 COMPOSITE;03.09.2021;4535.43
S&P 500 COMPOSITE;06.09.2021;4535.43
S&P 500 COMPOSITE;07.09.2021;4520.03
S&P 500 COMPOSITE;08.09.2021;4514.07
S&P 500 COMPOSITE;09.09.2021;4493.28
S&P 500 COMPOSITE;10.09.2021;4458.58
S&P 500 COMPOSITE;13.09.2021;4468.73
S&P 500 COMPOSITE;14.09.2021;4443.05
S&P 500 COMPOSITE;15.09.2021;4480.7
S&P 500 COMPOSITE;16.09.2021;4473.75
S&P 500 COMPOSITE;17.09.2021;4432.99
S&P 500 COMPOSITE;20.09.2021;4357.73
S&P 500 COMPOSITE;21.09.2021;4354.19
S&P 500 COMPOSITE;22.09.2021;4395.64
S&P 500 COMPOSITE;23.09.2021;4448.98
S&P 500 COMPOSITE;24.09.2021;4455.48
S&P 500 COMPOSITE;27.09.2021;4443.11
S&P 500 COMPOSITE;28.09.2021;4352.63
S&P 500 COMPOSITE;29.09.2021;4359.46
S&P 500 COMPOSITE;30.09.2021;4307.54
S&P 500 COMPOSITE;01.10.2021;4357.04
S&P 500 COMPOSITE;04.10.2021;4300.46
S&P 500 COMPOSITE;05.10.2021;4345.72
S&P 500 COMPOSITE;06.10.2021;4363.55
S&P 500 COMPOSITE;07.10.2021;4399.76
S&P 500 COMPOSITE;08.10.2021;4391.34
S&P 500 COMPOSITE;11.10.2021;4361.19
S&P 500 COMPOSITE;12.10.2021;4350.65
S&P 500 COMPOSITE;13.10.2021;4363.8
S&P 500 COMPOSITE;14.10.2021;4438.26
S&P 500 COMPOSITE;15.10.2021;4471.37
S&P 500 COMPOSITE;18.10.2021;4486.46
S&P 500 COMPOSITE;19.10.2021;4519.63
S&P 500 COMPOSITE;20.10.2021;4536.19
S&P 500 COMPOSITE;21.10.2021;4549.78
S&P 500 COMPOSITE;22.10.2021;4544.9
S&P 500 COMPOSITE;25.10.2021;4566.48
S&P 500 COMPOSITE;26.10.2021;4574.79
S&P 500 COMPOSITE;27.10.2021;4551.68
S&P 500 COMPOSITE;28.10.2021;4596.42
S&P 500 COMPOSITE;29.10.2021;4605.38
S&P 500 COMPOSITE;01.11.2021;4613.67
S&P 500 COMPOSITE;02.11.2021;4630.65
S&P 500 COMPOSITE;03.11.2021;4660.57
S&P 500 COMPOSITE;04.11.2021;4680.06
S&P 500 COMPOSITE;05.11.2021;4697.53
S&P 500 COMPOSITE;08.11.2021;4701.7
S&P 500 COMPOSITE;09.11.2021;4685.25
S&P 500 COMPOSITE;10.11.2021;4646.71
S&P 500 COMPOSITE;11.11.2021;4649.27
S&P 500 COMPOSITE;12.11.2021;4682.85
S&P 500 COMPOSITE;15.11.2021;4682.8
S&P 500 COMPOSITE;16.11.2021;4700.9
S&P 500 COMPOSITE;17.11.2021;4688.67
S&P 500 COMPOSITE;18.11.2021;4704.54
S&P 500 COMPOSITE;19.11.2021;4697.96
S&P 500 COMPOSITE;22.11.2021;4682.94
S&P 500 COMPOSITE;23.11.2021;4690.7
S&P 500 COMPOSITE;24.11.2021;4701.46
S&P 500 COMPOSITE;25.11.2021;4701.46
S&P 500 COMPOSITE;26.11.2021;4594.62
S&P 500 COMPOSITE;29.11.2021;4655.27
S&P 500 COMPOSITE;30.11.2021;4567
S&P 500 COMPOSITE;01.12.2021;4513.04
S&P 500 COMPOSITE;02.12.2021;4577.1
S&P 500 COMPOSITE;03.12.2021;4538.43
S&P 500 COMPOSITE;06.12.2021;4591.67
S&P 500 COMPOSITE;07.12.2021;4686.75
S&P 500 COMPOSITE;08.12.2021;4701.21
S&P 500 COMPOSITE;09.12.2021;4667.45
S&P 500 COMPOSITE;10.12.2021;4712.02
S&P 500 COMPOSITE;13.12.2021;4668.97
S&P 500 COMPOSITE;14.12.2021;4634.09
S&P 500 COMPOSITE;15.12.2021;4709.85
S&P 500 COMPOSITE;16.12.2021;4668.67
S&P 500 COMPOSITE;17.12.2021;4620.64
S&P 500 COMPOSITE;20.12.2021;4568.02
S&P 500 COMPOSITE;21.12.2021;4649.23
S&P 500 COMPOSITE;22.12.2021;4696.56
S&P 500 COMPOSITE;23.12.2021;4725.79
S&P 500 COMPOSITE;24.12.2021;4725.79
S&P 500 COMPOSITE;27.12.2021;4791.19
S&P 500 COMPOSITE;28.12.2021;4786.35
S&P 500 COMPOSITE;29.12.2021;4793.06
S&P 500 COMPOSITE;30.12.2021;4778.73
S&P 500 COMPOSITE;31.12.2021;4766.18
S&P 500 COMPOSITE;03.01.2022;4796.56
S&P 500 COMPOSITE;04.01.2022;4793.54
S&P 500 COMPOSITE;05.01.2022;4700.58
S&P 500 COMPOSITE;06.01.2022;4696.05
S&P 500 COMPOSITE;07.01.2022;4677.03
S&P 500 COMPOSITE;10.01.2022;4670.29
S&P 500 COMPOSITE;11.01.2022;4713.07
S&P 500 COMPOSITE;12.01.2022;4726.35
S&P 500 COMPOSITE;13.01.2022;4659.03
S&P 500 COMPOSITE;14.01.2022;4662.85
S&P 500 COMPOSITE;17.01.2022;4662.85
S&P 500 COMPOSITE;18.01.2022;4577.11
S&P 500 COMPOSITE;19.01.2022;4532.76
S&P 500 COMPOSITE;20.01.2022;4482.73
S&P 500 COMPOSITE;21.01.2022;4397.94
S&P 500 COMPOSITE;24.01.2022;4410.13
S&P 500 COMPOSITE;25.01.2022;4356.45
S&P 500 COMPOSITE;26.01.2022;4349.93
S&P 500 COMPOSITE;27.01.2022;4326.51
S&P 500 COMPOSITE;28.01.2022;4431.85
S&P 500 COMPOSITE;31.01.2022;4515.55
S&P 500 COMPOSITE;01.02.2022;4546.54
S&P 500 COMPOSITE;02.02.2022;4589.38
S&P 500 COMPOSITE;03.02.2022;4477.44
S&P 500 COMPOSITE;04.02.2022;4500.53
S&P 500 COMPOSITE;07.02.2022;4483.87
S&P 500 COMPOSITE;08.02.2022;4521.54
S&P 500 COMPOSITE;09.02.2022;4587.18
S&P 500 COMPOSITE;10.02.2022;4504.08
S&P 500 COMPOSITE;11.02.2022;4418.64
S&P 500 COMPOSITE;14.02.2022;4401.67
S&P 500 COMPOSITE;15.02.2022;4471.07
S&P 500 COMPOSITE;16.02.2022;4475.01
S&P 500 COMPOSITE;17.02.2022;4380.26
S&P 500 COMPOSITE;18.02.2022;4348.87
S&P 500 COMPOSITE;21.02.2022;4348.87
S&P 500 COMPOSITE;22.02.2022;4304.76
S&P 500 COMPOSITE;23.02.2022;4225.5
S&P 500 COMPOSITE;24.02.2022;4288.7
S&P 500 COMPOSITE;25.02.2022;4384.65
S&P 500 COMPOSITE;28.02.2022;4373.94
S&P 500 COMPOSITE;01.03.2022;4306.26
S&P 500 COMPOSITE;02.03.2022;4386.54
S&P 500 COMPOSITE;03.03.2022;4363.49
S&P 500 COMPOSITE;04.03.2022;4328.87
S&P 500 COMPOSITE;07.03.2022;4201.09
S&P 500 COMPOSITE;08.03.2022;4170.7
S&P 500 COMPOSITE;09.03.2022;4277.88
S&P 500 COMPOSITE;10.03.2022;4259.52
S&P 500 COMPOSITE;11.03.2022;4204.31
S&P 500 COMPOSITE;14.03.2022;4173.11
S&P 500 COMPOSITE;15.03.2022;4262.45
S&P 500 COMPOSITE;16.03.2022;4357.86
S&P 500 COMPOSITE;17.03.2022;4411.67
S&P 500 COMPOSITE;18.03.2022;4463.12
S&P 500 COMPOSITE;21.03.2022;4461.18
S&P 500 COMPOSITE;22.03.2022;4511.61
S&P 500 COMPOSITE;23.03.2022;4456.24
S&P 500 COMPOSITE;24.03.2022;4520.16
S&P 500 COMPOSITE;25.03.2022;4543.06
S&P 500 COMPOSITE;28.03.2022;4575.52
S&P 500 COMPOSITE;29.03.2022;4631.6
S&P 500 COMPOSITE;30.03.2022;4602.45
S&P 500 COMPOSITE;31.03.2022;4530.41
S&P 500 COMPOSITE;01.04.2022;4545.86
S&P 500 COMPOSITE;04.04.2022;4582.64
S&P 500 COMPOSITE;05.04.2022;4525.12
S&P 500 COMPOSITE;06.04.2022;4481.15
S&P 500 COMPOSITE;07.04.2022;4500.21
S&P 500 COMPOSITE;08.04.2022;4488.28
S&P 500 COMPOSITE;11.04.2022;4412.53
S&P 500 COMPOSITE;12.04.2022;4397.45
S&P 500 COMPOSITE;13.04.2022;4446.59
S&P 500 COMPOSITE;14.04.2022;4392.59
S&P 500 COMPOSITE;15.04.2022;4392.59
S&P 500 COMPOSITE;18.04.2022;4391.69
S&P 500 COMPOSITE;19.04.2022;4462.21
S&P 500 COMPOSITE;20.04.2022;4459.45
S&P 500 COMPOSITE;21.04.2022;4393.66
S&P 500 COMPOSITE;22.04.2022;4271.78
S&P 500 COMPOSITE;25.04.2022;4296.12
S&P 500 COMPOSITE;26.04.2022;4175.2
S&P 500 COMPOSITE;27.04.2022;4183.96
S&P 500 COMPOSITE;28.04.2022;4287.5
S&P 500 COMPOSITE;29.04.2022;4131.93
S&P 500 COMPOSITE;02.05.2022;4155.38
S&P 500 COMPOSITE;03.05.2022;4175.48
S&P 500 COMPOSITE;04.05.2022;4300.17
S&P 500 COMPOSITE;05.05.2022;4146.87
S&P 500 COMPOSITE;06.05.2022;4123.34
S&P 500 COMPOSITE;09.05.2022;3991.24
S&P 500 COMPOSITE;10.05.2022;4001.05
S&P 500 COMPOSITE;11.05.2022;3935.18
S&P 500 COMPOSITE;12.05.2022;3930.08
S&P 500 COMPOSITE;13.05.2022;4023.89
S&P 500 COMPOSITE;16.05.2022;4008.01
S&P 500 COMPOSITE;17.05.2022;4088.85
S&P 500 COMPOSITE;18.05.2022;3923.68
S&P 500 COMPOSITE;19.05.2022;3900.79
S&P 500 COMPOSITE;20.05.2022;3901.36
S&P 500 COMPOSITE;23.05.2022;3973.75
S&P 500 COMPOSITE;24.05.2022;3941.48
S&P 500 COMPOSITE;25.05.2022;3978.73
S&P 500 COMPOSITE;26.05.2022;4057.84
S&P 500 COMPOSITE;27.05.2022;4158.24
S&P 500 COMPOSITE;30.05.2022;4158.24
S&P 500 COMPOSITE;31.05.2022;4132.15
S&P 500 COMPOSITE;01.06.2022;4101.23
S&P 500 COMPOSITE;02.06.2022;4176.82
S&P 500 COMPOSITE;03.06.2022;4108.54
S&P 500 COMPOSITE;06.06.2022;4121.43
S&P 500 COMPOSITE;07.06.2022;4160.68
S&P 500 COMPOSITE;08.06.2022;4115.77
S&P 500 COMPOSITE;09.06.2022;4017.82
S&P 500 COMPOSITE;10.06.2022;3900.86
S&P 500 COMPOSITE;13.06.2022;3749.63
S&P 500 COMPOSITE;14.06.2022;3735.48
S&P 500 COMPOSITE;15.06.2022;3789.99
S&P 500 COMPOSITE;16.06.2022;3666.77
S&P 500 COMPOSITE;17.06.2022;3674.84
S&P 500 COMPOSITE;20.06.2022;3674.84
S&P 500 COMPOSITE;21.06.2022;3764.79
S&P 500 COMPOSITE;22.06.2022;3759.89
S&P 500 COMPOSITE;23.06.2022;3795.73
S&P 500 COMPOSITE;24.06.2022;3911.74
S&P 500 COMPOSITE;27.06.2022;3900.11
S&P 500 COMPOSITE;28.06.2022;3821.55
S&P 500 COMPOSITE;29.06.2022;3818.83
S&P 500 COMPOSITE;30.06.2022;3785.38
S&P 500 COMPOSITE;01.07.2022;3825.33
S&P 500 COMPOSITE;04.07.2022;3825.33
S&P 500 COMPOSITE;05.07.2022;3831.39
S&P 500 COMPOSITE;06.07.2022;3845.08
S&P 500 COMPOSITE;07.07.2022;3902.62
S&P 500 COMPOSITE;08.07.2022;3899.38
S&P 500 COMPOSITE;11.07.2022;3854.43
S&P 500 COMPOSITE;12.07.2022;3818.8
S&P 500 COMPOSITE;13.07.2022;3801.78
S&P 500 COMPOSITE;14.07.2022;3790.38
S&P 500 COMPOSITE;15.07.2022;3863.16
S&P 500 COMPOSITE;18.07.2022;3830.85
S&P 500 COMPOSITE;19.07.2022;3936.69
S&P 500 COMPOSITE;20.07.2022;3959.9
S&P 500 COMPOSITE;21.07.2022;3998.95
S&P 500 COMPOSITE;22.07.2022;3961.63
S&P 500 COMPOSITE;25.07.2022;3966.84
S&P 500 COMPOSITE;26.07.2022;3921.05
S&P 500 COMPOSITE;27.07.2022;4023.61
S&P 500 COMPOSITE;28.07.2022;4072.43
S&P 500 COMPOSITE;29.07.2022;4130.29
S&P 500 COMPOSITE;01.08.2022;4118.63
S&P 500 COMPOSITE;02.08.2022;4091.19
S&P 500 COMPOSITE;03.08.2022;4155.17
S&P 500 COMPOSITE;04.08.2022;4151.94
S&P 500 COMPOSITE;05.08.2022;4145.19
S&P 500 COMPOSITE;08.08.2022;4140.06
S&P 500 COMPOSITE;09.08.2022;4122.47
S&P 500 COMPOSITE;10.08.2022;4210.24
S&P 500 COMPOSITE;11.08.2022;4207.27
S&P 500 COMPOSITE;12.08.2022;4280.15
S&P 500 COMPOSITE;15.08.2022;4297.14
S&P 500 COMPOSITE;16.08.2022;4305.2
S&P 500 COMPOSITE;17.08.2022;4274.04
S&P 500 COMPOSITE;18.08.2022;4283.74
S&P 500 COMPOSITE;19.08.2022;4228.48
S&P 500 COMPOSITE;22.08.2022;4137.99
S&P 500 COMPOSITE;23.08.2022;4128.73
S&P 500 COMPOSITE;24.08.2022;4140.77
S&P 500 COMPOSITE;25.08.2022;4199.12
S&P 500 COMPOSITE;26.08.2022;4057.66
S&P 500 COMPOSITE;29.08.2022;4030.61
S&P 500 COMPOSITE;30.08.2022;3986.16
S&P 500 COMPOSITE;31.08.2022;3955
S&P 500 COMPOSITE;01.09.2022;3966.85
S&P 500 COMPOSITE;02.09.2022;3924.26
S&P 500 COMPOSITE;05.09.2022;3924.26
S&P 500 COMPOSITE;06.09.2022;3908.19
S&P 500 COMPOSITE;07.09.2022;3979.87
S&P 500 COMPOSITE;08.09.2022;4006.18
S&P 500 COMPOSITE;09.09.2022;4067.36
S&P 500 COMPOSITE;12.09.2022;4110.41
S&P 500 COMPOSITE;13.09.2022;3932.69
S&P 500 COMPOSITE;14.09.2022;3946.01
S&P 500 COMPOSITE;15.09.2022;3901.35
S&P 500 COMPOSITE;16.09.2022;3873.33
S&P 500 COMPOSITE;19.09.2022;3899.89
S&P 500 COMPOSITE;20.09.2022;3855.93
S&P 500 COMPOSITE;21.09.2022;3789.93
S&P 500 COMPOSITE;22.09.2022;3757.99
S&P 500 COMPOSITE;23.09.2022;3693.23
S&P 500 COMPOSITE;26.09.2022;3655.04
S&P 500 COMPOSITE;27.09.2022;3647.29
S&P 500 COMPOSITE;28.09.2022;3719.04
S&P 500 COMPOSITE;29.09.2022;3640.47
S&P 500 COMPOSITE;30.09.2022;3585.62
S&P 500 COMPOSITE;03.10.2022;3678.43
S&P 500 COMPOSITE;04.10.2022;3790.93
S&P 500 COMPOSITE;05.10.2022;3783.28
S&P 500 COMPOSITE;06.10.2022;3744.52
S&P 500 COMPOSITE;07.10.2022;3639.66
S&P 500 COMPOSITE;10.10.2022;3612.39
S&P 500 COMPOSITE;11.10.2022;3588.84
S&P 500 COMPOSITE;12.10.2022;3577.03
S&P 500 COMPOSITE;13.10.2022;3669.91
S&P 500 COMPOSITE;14.10.2022;3583.07
S&P 500 COMPOSITE;17.10.2022;3677.95
S&P 500 COMPOSITE;18.10.2022;3719.98
S&P 500 COMPOSITE;19.10.2022;3695.16
S&P 500 COMPOSITE;20.10.2022;3665.78
S&P 500 COMPOSITE;21.10.2022;3752.75
S&P 500 COMPOSITE;24.10.2022;3797.34
S&P 500 COMPOSITE;25.10.2022;3859.11
S&P 500 COMPOSITE;26.10.2022;3830.6
S&P 500 COMPOSITE;27.10.2022;3807.3
S&P 500 COMPOSITE;28.10.2022;3901.06
S&P 500 COMPOSITE;31.10.2022;3871.98
S&P 500 COMPOSITE;01.11.2022;3856.1
S&P 500 COMPOSITE;02.11.2022;3759.69
S&P 500 COMPOSITE;03.11.2022;3719.89
S&P 500 COMPOSITE;04.11.2022;3770.55
S&P 500 COMPOSITE;07.11.2022;3806.8
S&P 500 COMPOSITE;08.11.2022;3828.11
S&P 500 COMPOSITE;09.11.2022;3748.57
S&P 500 COMPOSITE;10.11.2022;3956.37
S&P 500 COMPOSITE;11.11.2022;3992.93
S&P 500 COMPOSITE;14.11.2022;3957.25
S&P 500 COMPOSITE;15.11.2022;3991.73
S&P 500 COMPOSITE;16.11.2022;3958.79
S&P 500 COMPOSITE;17.11.2022;3946.56
S&P 500 COMPOSITE;18.11.2022;3965.34
S&P 500 COMPOSITE;21.11.2022;3949.94
S&P 500 COMPOSITE;22.11.2022;4003.58
S&P 500 COMPOSITE;23.11.2022;4027.26
S&P 500 COMPOSITE;24.11.2022;4027.26
S&P 500 COMPOSITE;25.11.2022;4026.12
S&P 500 COMPOSITE;28.11.2022;3963.94
S&P 500 COMPOSITE;29.11.2022;3957.63
S&P 500 COMPOSITE;30.11.2022;4080.11
S&P 500 COMPOSITE;01.12.2022;4076.57
S&P 500 COMPOSITE;02.12.2022;4071.7
S&P 500 COMPOSITE;05.12.2022;3998.84
S&P 500 COMPOSITE;06.12.2022;3941.26
S&P 500 COMPOSITE;07.12.2022;3933.92
