S&P 500 COMPOSITE;07.12.2017;0.42;0.26;-0.2;0.004
S&P 500 COMPOSITE;08.12.2017;0.51;-0.46;-0.14;0.004
S&P 500 COMPOSITE;11.12.2017;0.26;-0.43;-0.18;0.004
S&P 500 COMPOSITE;12.12.2017;0.07;-0.52;0.5;0.004
S&P 500 COMPOSITE;13.12.2017;0.02;0.72;-0.89;0.004
S&P 500 COMPOSITE;14.12.2017;-0.47;-0.7;-0.22;0.004
S&P 500 COMPOSITE;15.12.2017;0.92;0.68;0.04;0.004
S&P 500 COMPOSITE;18.12.2017;0.67;0.75;0.27;0.004
S&P 500 COMPOSITE;19.12.2017;-0.3;-0.36;-0.24;0.004
S&P 500 COMPOSITE;20.12.2017;0.01;0.35;0.06;0.004
S&P 500 COMPOSITE;21.12.2017;0.24;0.26;0.63;0.004
S&P 500 COMPOSITE;22.12.2017;-0.07;-0.21;-0.21;0.004
S&P 500 COMPOSITE;26.12.2017;-0.07;0.33;-0.07;0.004
S&P 500 COMPOSITE;27.12.2017;0.05;-0.13;-0.2;0.004
S&P 500 COMPOSITE;28.12.2017;0.22;0.12;0.05;0.004
S&P 500 COMPOSITE;29.12.2017;-0.57;-0.31;0.0;0.004
S&P 500 COMPOSITE;02.01.2018;0.85;0.35;-0.21;0.006
S&P 500 COMPOSITE;03.01.2018;0.59;-0.39;-0.19;0.006
S&P 500 COMPOSITE;04.01.2018;0.42;-0.26;0.25;0.006
S&P 500 COMPOSITE;05.01.2018;0.66;-0.35;-0.25;0.006
S&P 500 COMPOSITE;08.01.2018;0.19;-0.15;0.04;0.006
S&P 500 COMPOSITE;09.01.2018;0.15;-0.35;-0.04;0.006
S&P 500 COMPOSITE;10.01.2018;-0.07;0.06;0.56;0.006
S&P 500 COMPOSITE;11.01.2018;0.87;1.14;0.3;0.006
S&P 500 COMPOSITE;12.01.2018;0.66;-0.32;0.16;0.006
S&P 500 COMPOSITE;16.01.2018;-0.49;-1.02;0.01;0.006
S&P 500 COMPOSITE;17.01.2018;0.95;-0.03;-0.1;0.006
S&P 500 COMPOSITE;18.01.2018;-0.18;-0.5;-0.25;0.006
S&P 500 COMPOSITE;19.01.2018;0.57;0.94;-0.05;0.006
S&P 500 COMPOSITE;22.01.2018;0.77;-0.34;-0.16;0.006
S&P 500 COMPOSITE;23.01.2018;0.22;0.14;-0.36;0.006
S&P 500 COMPOSITE;24.01.2018;-0.13;-0.84;0.44;0.006
S&P 500 COMPOSITE;25.01.2018;0.07;0.14;-0.54;0.006
S&P 500 COMPOSITE;26.01.2018;1.11;-0.6;-0.51;0.006
S&P 500 COMPOSITE;29.01.2018;-0.62;-0.04;-0.28;0.006
S&P 500 COMPOSITE;30.01.2018;-1.06;0.14;-0.21;0.006
S&P 500 COMPOSITE;31.01.2018;-0.07;-0.74;0.11;0.006
S&P 500 COMPOSITE;01.02.2018;0.03;0.08;0.53;0.006
S&P 500 COMPOSITE;02.02.2018;-2.13;0.04;-0.29;0.006
S&P 500 COMPOSITE;05.02.2018;-4.03;0.78;-0.58;0.006
S&P 500 COMPOSITE;06.02.2018;1.67;-0.52;-0.18;0.006
S&P 500 COMPOSITE;07.02.2018;-0.38;0.52;0.2;0.006
S&P 500 COMPOSITE;08.02.2018;-3.68;0.81;0.51;0.006
S&P 500 COMPOSITE;09.02.2018;1.36;-0.58;0.15;0.006
S&P 500 COMPOSITE;12.02.2018;1.36;-0.47;-0.3;0.006
S&P 500 COMPOSITE;13.02.2018;0.31;0.08;-0.24;0.006
S&P 500 COMPOSITE;14.02.2018;1.52;0.26;0.48;0.006
S&P 500 COMPOSITE;15.02.2018;1.21;-0.14;-0.63;0.006
S&P 500 COMPOSITE;16.02.2018;0.03;0.36;0.16;0.006
S&P 500 COMPOSITE;20.02.2018;-0.62;-0.36;-0.24;0.006
S&P 500 COMPOSITE;21.02.2018;-0.43;0.78;0.23;0.006
S&P 500 COMPOSITE;22.02.2018;0.01;0.04;-0.41;0.006
S&P 500 COMPOSITE;23.02.2018;1.54;-0.38;-0.15;0.006
S&P 500 COMPOSITE;26.02.2018;1.12;-0.51;-0.07;0.006
S&P 500 COMPOSITE;27.02.2018;-1.25;-0.19;0.03;0.006
S&P 500 COMPOSITE;28.02.2018;-1.11;-0.42;-0.32;0.006
S&P 500 COMPOSITE;01.03.2018;-1.19;1.01;-0.02;0.005
S&P 500 COMPOSITE;02.03.2018;0.7;1.17;-0.49;0.005
S&P 500 COMPOSITE;05.03.2018;1.06;-0.39;0.23;0.005
S&P 500 COMPOSITE;06.03.2018;0.36;0.69;0.12;0.005
S&P 500 COMPOSITE;07.03.2018;0.05;0.78;-0.44;0.005
S&P 500 COMPOSITE;08.03.2018;0.37;-0.48;-0.36;0.005
S&P 500 COMPOSITE;09.03.2018;1.7;-0.25;0.28;0.005
S&P 500 COMPOSITE;12.03.2018;-0.09;0.47;-0.08;0.005
S&P 500 COMPOSITE;13.03.2018;-0.67;0.08;0.03;0.005
S&P 500 COMPOSITE;14.03.2018;-0.53;0.23;-0.57;0.005
S&P 500 COMPOSITE;15.03.2018;-0.18;-0.39;0.31;0.005
S&P 500 COMPOSITE;16.03.2018;0.25;0.46;0.17;0.005
S&P 500 COMPOSITE;19.03.2018;-1.38;0.35;0.41;0.005
S&P 500 COMPOSITE;20.03.2018;0.15;-0.08;-0.36;0.005
S&P 500 COMPOSITE;21.03.2018;-0.06;0.75;0.44;0.005
S&P 500 COMPOSITE;22.03.2018;-2.54;0.51;-0.49;0.005
S&P 500 COMPOSITE;23.03.2018;-2.09;0.21;-0.23;0.005
S&P 500 COMPOSITE;26.03.2018;2.67;-0.68;0.03;0.005
S&P 500 COMPOSITE;27.03.2018;-1.87;-0.21;0.37;0.005
S&P 500 COMPOSITE;28.03.2018;-0.35;0.13;0.64;0.005
S&P 500 COMPOSITE;29.03.2018;1.41;-0.31;-0.22;0.005
S&P 500 COMPOSITE;02.04.2018;-2.29;-0.14;0.37;0.007
S&P 500 COMPOSITE;03.04.2018;1.24;-0.03;0.19;0.007
S&P 500 COMPOSITE;04.04.2018;1.17;0.33;-0.31;0.007
S&P 500 COMPOSITE;05.04.2018;0.75;0.03;0.47;0.007
S&P 500 COMPOSITE;06.04.2018;-2.19;0.39;-0.06;0.007
S&P 500 COMPOSITE;09.04.2018;0.3;-0.15;-0.52;0.007
S&P 500 COMPOSITE;10.04.2018;1.77;0.4;-0.12;0.007
S&P 500 COMPOSITE;11.04.2018;-0.49;0.92;-0.31;0.007
S&P 500 COMPOSITE;12.04.2018;0.84;-0.23;0.18;0.007
S&P 500 COMPOSITE;13.04.2018;-0.37;0.03;-0.25;0.007
S&P 500 COMPOSITE;16.04.2018;0.82;0.08;-0.02;0.007
S&P 500 COMPOSITE;17.04.2018;1.09;0.16;-1.18;0.007
S&P 500 COMPOSITE;18.04.2018;0.13;0.21;0.02;0.007
S&P 500 COMPOSITE;19.04.2018;-0.49;-0.47;1.08;0.007
S&P 500 COMPOSITE;20.04.2018;-0.81;0.06;0.58;0.007
S&P 500 COMPOSITE;23.04.2018;-0.05;-0.07;0.19;0.007
S&P 500 COMPOSITE;24.04.2018;-1.3;0.53;1.02;0.007
S&P 500 COMPOSITE;25.04.2018;0.1;-0.34;0.06;0.007
S&P 500 COMPOSITE;26.04.2018;0.96;-0.38;-0.84;0.007
S&P 500 COMPOSITE;27.04.2018;0.01;-0.26;0.04;0.007
S&P 500 COMPOSITE;30.04.2018;-0.8;0.03;-0.09;0.007
S&P 500 COMPOSITE;01.05.2018;0.24;0.23;-0.53;0.006
S&P 500 COMPOSITE;02.05.2018;-0.63;1.28;-0.36;0.006
S&P 500 COMPOSITE;03.05.2018;-0.25;-0.52;-0.15;0.006
S&P 500 COMPOSITE;04.05.2018;1.3;0.02;-0.2;0.006
S&P 500 COMPOSITE;07.05.2018;0.42;0.42;-0.33;0.006
S&P 500 COMPOSITE;08.05.2018;0.07;0.5;0.24;0.006
S&P 500 COMPOSITE;09.05.2018;0.89;-0.23;0.25;0.006
S&P 500 COMPOSITE;10.05.2018;0.85;-0.43;-0.04;0.006
S&P 500 COMPOSITE;11.05.2018;0.19;0.12;-0.38;0.006
S&P 500 COMPOSITE;14.05.2018;0.05;-0.36;0.11;0.006
S&P 500 COMPOSITE;15.05.2018;-0.55;0.67;0.4;0.006
S&P 500 COMPOSITE;16.05.2018;0.5;0.71;-0.25;0.006
S&P 500 COMPOSITE;17.05.2018;0.02;0.9;0.29;0.006
S&P 500 COMPOSITE;18.05.2018;-0.23;0.57;-0.61;0.006
S&P 500 COMPOSITE;21.05.2018;0.72;-0.19;0.44;0.006
S&P 500 COMPOSITE;22.05.2018;-0.42;-0.76;0.61;0.006
S&P 500 COMPOSITE;23.05.2018;0.29;0.05;-0.7;0.006
S&P 500 COMPOSITE;24.05.2018;-0.16;0.37;-0.35;0.006
S&P 500 COMPOSITE;25.05.2018;-0.21;0.25;-0.39;0.006
S&P 500 COMPOSITE;29.05.2018;-1.04;1.32;-1.03;0.006
S&P 500 COMPOSITE;30.05.2018;1.31;0.04;0.37;0.006
S&P 500 COMPOSITE;31.05.2018;-0.7;0.08;-0.42;0.006
S&P 500 COMPOSITE;01.06.2018;1.06;-0.23;-0.11;0.006
S&P 500 COMPOSITE;04.06.2018;0.48;0.17;-0.45;0.006
S&P 500 COMPOSITE;05.06.2018;0.17;0.82;-0.44;0.006
S&P 500 COMPOSITE;06.06.2018;0.86;-0.33;0.2;0.006
S&P 500 COMPOSITE;07.06.2018;-0.14;-0.3;0.93;0.006
S&P 500 COMPOSITE;08.06.2018;0.31;0.08;-0.4;0.006
S&P 500 COMPOSITE;11.06.2018;0.12;0.17;-0.17;0.006
S&P 500 COMPOSITE;12.06.2018;0.23;0.23;-0.63;0.006
S&P 500 COMPOSITE;13.06.2018;-0.33;0.08;-0.2;0.006
S&P 500 COMPOSITE;14.06.2018;0.27;0.32;-1.0;0.006
S&P 500 COMPOSITE;15.06.2018;-0.08;0.05;-0.24;0.006
S&P 500 COMPOSITE;18.06.2018;-0.09;0.72;0.08;0.006
S&P 500 COMPOSITE;19.06.2018;-0.38;0.57;-0.14;0.006
S&P 500 COMPOSITE;20.06.2018;0.23;0.73;-0.51;0.006
S&P 500 COMPOSITE;21.06.2018;-0.73;-0.63;0.33;0.006
S&P 500 COMPOSITE;22.06.2018;0.11;0.0;0.46;0.006
S&P 500 COMPOSITE;25.06.2018;-1.48;-0.54;0.57;0.006
S&P 500 COMPOSITE;26.06.2018;0.27;0.63;-0.24;0.006
S&P 500 COMPOSITE;27.06.2018;-1.02;-0.99;0.36;0.006
S&P 500 COMPOSITE;28.06.2018;0.58;-0.18;-0.51;0.006
S&P 500 COMPOSITE;29.06.2018;0.07;-0.2;-0.24;0.006
S&P 500 COMPOSITE;02.07.2018;0.36;0.44;-0.25;0.008
S&P 500 COMPOSITE;03.07.2018;-0.44;0.81;-0.02;0.008
S&P 500 COMPOSITE;05.07.2018;0.87;0.44;-0.43;0.008
S&P 500 COMPOSITE;06.07.2018;0.88;0.05;-0.3;0.008
S&P 500 COMPOSITE;09.07.2018;0.93;-0.41;0.86;0.008
S&P 500 COMPOSITE;10.07.2018;0.21;-0.78;-0.17;0.008
S&P 500 COMPOSITE;11.07.2018;-0.69;-0.02;-0.45;0.008
S&P 500 COMPOSITE;12.07.2018;0.86;-0.35;-1.14;0.008
S&P 500 COMPOSITE;13.07.2018;0.08;-0.12;-0.29;0.008
S&P 500 COMPOSITE;16.07.2018;-0.16;-0.77;0.98;0.008
S&P 500 COMPOSITE;17.07.2018;0.48;0.26;-0.76;0.008
S&P 500 COMPOSITE;18.07.2018;0.27;-0.28;0.67;0.008
S&P 500 COMPOSITE;19.07.2018;-0.34;0.96;-0.36;0.008
S&P 500 COMPOSITE;20.07.2018;-0.1;-0.18;0.12;0.008
S&P 500 COMPOSITE;23.07.2018;0.15;-0.3;0.55;0.008
S&P 500 COMPOSITE;24.07.2018;0.22;-1.36;0.39;0.008
S&P 500 COMPOSITE;25.07.2018;0.83;-0.43;-1.06;0.008
S&P 500 COMPOSITE;26.07.2018;-0.2;0.64;0.57;0.008
S&P 500 COMPOSITE;27.07.2018;-0.82;-1.38;1.06;0.008
S&P 500 COMPOSITE;30.07.2018;-0.7;-0.21;1.56;0.008
S&P 500 COMPOSITE;31.07.2018;0.51;0.85;-1.11;0.008
S&P 500 COMPOSITE;01.08.2018;-0.13;0.04;-0.18;0.007
S&P 500 COMPOSITE;02.08.2018;0.67;0.31;-0.67;0.007
S&P 500 COMPOSITE;03.08.2018;0.31;-1.07;0.52;0.007
S&P 500 COMPOSITE;06.08.2018;0.46;0.25;-0.33;0.007
S&P 500 COMPOSITE;07.08.2018;0.29;0.03;-0.17;0.007
S&P 500 COMPOSITE;08.08.2018;-0.04;-0.12;0.27;0.007
S&P 500 COMPOSITE;09.08.2018;-0.05;0.37;-0.35;0.007
S&P 500 COMPOSITE;10.08.2018;-0.6;0.39;-0.21;0.007
S&P 500 COMPOSITE;13.08.2018;-0.46;-0.15;-0.3;0.007
S&P 500 COMPOSITE;14.08.2018;0.69;0.3;0.21;0.007
S&P 500 COMPOSITE;15.08.2018;-0.91;-0.54;-0.12;0.007
S&P 500 COMPOSITE;16.08.2018;0.86;-0.07;0.26;0.007
S&P 500 COMPOSITE;17.08.2018;0.3;0.09;0.02;0.007
S&P 500 COMPOSITE;20.08.2018;0.25;0.12;0.14;0.007
S&P 500 COMPOSITE;21.08.2018;0.33;0.9;0.12;0.007
S&P 500 COMPOSITE;22.08.2018;0.05;0.36;-0.35;0.007
S&P 500 COMPOSITE;23.08.2018;-0.19;-0.06;-0.33;0.007
S&P 500 COMPOSITE;24.08.2018;0.62;-0.02;-0.57;0.007
S&P 500 COMPOSITE;27.08.2018;0.74;-0.67;-0.16;0.007
S&P 500 COMPOSITE;28.08.2018;-0.01;-0.12;-0.28;0.007
S&P 500 COMPOSITE;29.08.2018;0.56;-0.05;-0.58;0.007
S&P 500 COMPOSITE;30.08.2018;-0.41;0.29;-0.42;0.007
S&P 500 COMPOSITE;31.08.2018;0.08;0.5;-0.39;0.007
S&P 500 COMPOSITE;04.09.2018;-0.11;-0.37;0.01;0.008
S&P 500 COMPOSITE;05.09.2018;-0.41;-0.18;0.66;0.008
S&P 500 COMPOSITE;06.09.2018;-0.44;-0.35;-0.24;0.008
S&P 500 COMPOSITE;07.09.2018;-0.18;0.1;-0.21;0.008
S&P 500 COMPOSITE;10.09.2018;0.23;0.12;-0.37;0.008
S&P 500 COMPOSITE;11.09.2018;0.37;-0.29;-0.24;0.008
S&P 500 COMPOSITE;12.09.2018;0.03;-0.06;-0.22;0.008
S&P 500 COMPOSITE;13.09.2018;0.45;-0.44;-0.4;0.008
S&P 500 COMPOSITE;14.09.2018;0.12;0.27;0.25;0.008
S&P 500 COMPOSITE;17.09.2018;-0.71;-0.45;0.84;0.008
S&P 500 COMPOSITE;18.09.2018;0.57;0.05;-0.48;0.008
S&P 500 COMPOSITE;19.09.2018;0.06;-0.66;1.28;0.008
S&P 500 COMPOSITE;20.09.2018;0.77;0.31;-0.22;0.008
S&P 500 COMPOSITE;21.09.2018;-0.13;-0.42;0.3;0.008
S&P 500 COMPOSITE;24.09.2018;-0.31;0.06;-0.91;0.008
S&P 500 COMPOSITE;25.09.2018;-0.05;0.27;-0.38;0.008
S&P 500 COMPOSITE;26.09.2018;-0.4;-0.38;-0.63;0.008
S&P 500 COMPOSITE;27.09.2018;0.27;-0.26;-0.56;0.008
S&P 500 COMPOSITE;28.09.2018;-0.03;0.4;-0.2;0.008
S&P 500 COMPOSITE;01.10.2018;0.16;-1.62;0.34;0.008
S&P 500 COMPOSITE;02.10.2018;-0.21;-0.98;0.6;0.008
S&P 500 COMPOSITE;03.10.2018;0.2;0.84;0.5;0.008
S&P 500 COMPOSITE;04.10.2018;-0.93;-1.06;1.58;0.008
S&P 500 COMPOSITE;05.10.2018;-0.64;-0.42;0.39;0.008
S&P 500 COMPOSITE;08.10.2018;-0.17;-0.4;1.22;0.008
S&P 500 COMPOSITE;09.10.2018;-0.18;-0.29;0.28;0.008
S&P 500 COMPOSITE;10.10.2018;-3.33;0.3;1.12;0.008
S&P 500 COMPOSITE;11.10.2018;-1.96;0.45;-0.92;0.008
S&P 500 COMPOSITE;12.10.2018;1.38;-0.88;-1.74;0.008
S&P 500 COMPOSITE;15.10.2018;-0.48;0.92;0.51;0.008
S&P 500 COMPOSITE;16.10.2018;2.24;0.68;-1.43;0.008
S&P 500 COMPOSITE;17.10.2018;-0.08;-0.68;0.26;0.008
S&P 500 COMPOSITE;18.10.2018;-1.54;-0.54;0.43;0.008
S&P 500 COMPOSITE;19.10.2018;-0.25;-1.33;0.72;0.008
S&P 500 COMPOSITE;22.10.2018;-0.38;0.48;-1.25;0.008
S&P 500 COMPOSITE;23.10.2018;-0.62;-0.09;-0.42;0.008
S&P 500 COMPOSITE;24.10.2018;-3.33;-0.93;0.77;0.008
S&P 500 COMPOSITE;25.10.2018;1.93;0.41;-0.59;0.008
S&P 500 COMPOSITE;26.10.2018;-1.65;0.58;0.35;0.008
S&P 500 COMPOSITE;29.10.2018;-0.77;-0.33;1.61;0.008
S&P 500 COMPOSITE;30.10.2018;1.66;0.42;0.07;0.008
S&P 500 COMPOSITE;31.10.2018;1.22;-0.66;-0.73;0.008
S&P 500 COMPOSITE;01.11.2018;1.29;1.35;-1.14;0.008
S&P 500 COMPOSITE;02.11.2018;-0.53;0.8;0.67;0.008
S&P 500 COMPOSITE;05.11.2018;0.4;-1.01;1.56;0.008
S&P 500 COMPOSITE;06.11.2018;0.58;-0.16;0.03;0.008
S&P 500 COMPOSITE;07.11.2018;2.11;-0.33;-1.06;0.008
S&P 500 COMPOSITE;08.11.2018;-0.28;-0.25;0.25;0.008
S&P 500 COMPOSITE;09.11.2018;-1.04;-0.86;0.42;0.008
S&P 500 COMPOSITE;12.11.2018;-2.06;0.01;0.85;0.008
S&P 500 COMPOSITE;13.11.2018;-0.13;-0.11;0.16;0.008
S&P 500 COMPOSITE;14.11.2018;-0.77;0.03;-0.28;0.008
S&P 500 COMPOSITE;15.11.2018;1.18;0.36;-0.4;0.008
S&P 500 COMPOSITE;16.11.2018;0.15;0.02;-0.06;0.008
S&P 500 COMPOSITE;19.11.2018;-1.88;-0.73;2.3;0.008
S&P 500 COMPOSITE;20.11.2018;-1.85;0.14;-0.54;0.008
S&P 500 COMPOSITE;21.11.2018;0.51;0.98;-0.34;0.008
S&P 500 COMPOSITE;23.11.2018;-0.55;0.83;-0.6;0.008
S&P 500 COMPOSITE;26.11.2018;1.62;-0.66;-0.2;0.008
S&P 500 COMPOSITE;27.11.2018;0.11;-1.09;0.26;0.008
S&P 500 COMPOSITE;28.11.2018;2.42;0.45;-1.17;0.008
S&P 500 COMPOSITE;29.11.2018;-0.22;-0.1;-0.1;0.008
S&P 500 COMPOSITE;30.11.2018;0.78;-0.33;-0.43;0.008
S&P 500 COMPOSITE;03.12.2018;1.13;-0.05;-0.81;0.011
S&P 500 COMPOSITE;04.12.2018;-3.45;-0.96;-0.2;0.011
S&P 500 COMPOSITE;06.12.2018;-0.16;0.13;-1.05;0.011
S&P 500 COMPOSITE;07.12.2018;-2.36;0.21;1.33;0.011
S&P 500 COMPOSITE;10.12.2018;0.1;-0.11;-1.62;0.011
S&P 500 COMPOSITE;11.12.2018;-0.08;-0.05;-0.42;0.011
S&P 500 COMPOSITE;12.12.2018;0.68;0.58;-0.18;0.011
S&P 500 COMPOSITE;13.12.2018;-0.26;-1.51;-0.19;0.011
S&P 500 COMPOSITE;14.12.2018;-1.89;-0.07;0.5;0.011
S&P 500 COMPOSITE;17.12.2018;-2.13;-0.26;1.08;0.011
S&P 500 COMPOSITE;18.12.2018;-0.03;0.02;-0.61;0.011
S&P 500 COMPOSITE;19.12.2018;-1.58;-0.62;0.03;0.011
S&P 500 COMPOSITE;20.12.2018;-1.62;-0.29;0.97;0.011
S&P 500 COMPOSITE;21.12.2018;-2.17;-0.55;0.76;0.011
S&P 500 COMPOSITE;24.12.2018;-2.55;1.0;-0.49;0.011
S&P 500 COMPOSITE;26.12.2018;5.06;-0.05;-1.01;0.011
S&P 500 COMPOSITE;27.12.2018;0.78;-0.67;-0.13;0.011
S&P 500 COMPOSITE;28.12.2018;-0.03;0.77;0.26;0.011
S&P 500 COMPOSITE;31.12.2018;0.9;-0.1;-0.45;0.011
S&P 500 COMPOSITE;02.01.2019;0.23;0.59;1.12;0.01
S&P 500 COMPOSITE;03.01.2019;-2.45;0.36;1.19;0.01
S&P 500 COMPOSITE;04.01.2019;3.55;0.41;-0.7;0.01
S&P 500 COMPOSITE;07.01.2019;0.94;1.0;-0.75;0.01
S&P 500 COMPOSITE;08.01.2019;1.01;0.52;-0.63;0.01
S&P 500 COMPOSITE;09.01.2019;0.56;0.46;0.1;0.01
S&P 500 COMPOSITE;10.01.2019;0.42;0.03;-0.46;0.01
S&P 500 COMPOSITE;11.01.2019;-0.01;0.12;0.22;0.01
S&P 500 COMPOSITE;14.01.2019;-0.6;-0.59;0.94;0.01
S&P 500 COMPOSITE;15.01.2019;1.06;0.0;-0.88;0.01
S&P 500 COMPOSITE;16.01.2019;0.28;0.04;0.92;0.01
S&P 500 COMPOSITE;17.01.2019;0.75;0.11;-0.24;0.01
S&P 500 COMPOSITE;18.01.2019;1.29;-0.36;0.12;0.01
S&P 500 COMPOSITE;22.01.2019;-1.53;-0.4;0.33;0.01
S&P 500 COMPOSITE;23.01.2019;0.15;-0.39;-0.14;0.01
S&P 500 COMPOSITE;24.01.2019;0.23;0.44;0.0;0.01
S&P 500 COMPOSITE;25.01.2019;0.9;0.46;-0.35;0.01
S&P 500 COMPOSITE;28.01.2019;-0.8;-0.16;0.63;0.01
S&P 500 COMPOSITE;29.01.2019;-0.19;-0.01;0.17;0.01
S&P 500 COMPOSITE;30.01.2019;1.51;-0.15;-0.94;0.01
S&P 500 COMPOSITE;31.01.2019;0.92;0.12;-1.08;0.01
S&P 500 COMPOSITE;01.02.2019;0.14;-0.14;0.43;0.01
S&P 500 COMPOSITE;04.02.2019;0.72;0.49;-0.46;0.01
S&P 500 COMPOSITE;05.02.2019;0.43;-0.08;-0.6;0.01
S&P 500 COMPOSITE;06.02.2019;-0.22;-0.02;0.07;0.01
S&P 500 COMPOSITE;07.02.2019;-0.93;-0.14;0.4;0.01
S&P 500 COMPOSITE;08.02.2019;0.09;0.05;-0.68;0.01
S&P 500 COMPOSITE;11.02.2019;0.14;0.66;0.22;0.01
S&P 500 COMPOSITE;12.02.2019;1.36;0.02;-0.17;0.01
S&P 500 COMPOSITE;13.02.2019;0.28;0.07;0.07;0.01
S&P 500 COMPOSITE;14.02.2019;-0.21;0.52;-0.58;0.01
S&P 500 COMPOSITE;15.02.2019;1.13;0.25;0.47;0.01
S&P 500 COMPOSITE;19.02.2019;0.19;0.3;0.3;0.01
S&P 500 COMPOSITE;20.02.2019;0.19;0.21;0.55;0.01
S&P 500 COMPOSITE;21.02.2019;-0.37;-0.07;-0.22;0.01
S&P 500 COMPOSITE;22.02.2019;0.65;0.55;-1.47;0.01
S&P 500 COMPOSITE;25.02.2019;0.15;-0.26;-0.18;0.01
S&P 500 COMPOSITE;26.02.2019;-0.16;-0.63;-0.33;0.01
S&P 500 COMPOSITE;27.02.2019;0.09;0.19;-0.12;0.01
S&P 500 COMPOSITE;28.02.2019;-0.31;0.01;-0.24;0.01
S&P 500 COMPOSITE;01.03.2019;0.72;0.29;-0.41;0.009
S&P 500 COMPOSITE;04.03.2019;-0.52;-0.4;0.38;0.009
S&P 500 COMPOSITE;05.03.2019;-0.17;-0.31;-0.23;0.009
S&P 500 COMPOSITE;06.03.2019;-0.84;-1.27;0.05;0.009
S&P 500 COMPOSITE;07.03.2019;-0.82;-0.07;-0.33;0.009
S&P 500 COMPOSITE;08.03.2019;-0.22;0.05;-0.15;0.009
S&P 500 COMPOSITE;11.03.2019;1.49;0.36;-0.52;0.009
S&P 500 COMPOSITE;12.03.2019;0.25;-0.27;-0.08;0.009
S&P 500 COMPOSITE;13.03.2019;0.68;-0.31;0.07;0.009
S&P 500 COMPOSITE;14.03.2019;-0.1;-0.4;0.3;0.009
S&P 500 COMPOSITE;15.03.2019;0.48;-0.25;-0.24;0.009
S&P 500 COMPOSITE;18.03.2019;0.46;0.16;0.44;0.009
S&P 500 COMPOSITE;19.03.2019;-0.09;-0.38;-0.91;0.009
S&P 500 COMPOSITE;20.03.2019;-0.39;0.02;-1.04;0.009
S&P 500 COMPOSITE;21.03.2019;1.11;0.3;-1.23;0.009
S&P 500 COMPOSITE;22.03.2019;-2.17;-1.52;-0.06;0.009
S&P 500 COMPOSITE;25.03.2019;-0.05;0.66;-0.27;0.009
S&P 500 COMPOSITE;26.03.2019;0.76;0.17;0.46;0.009
S&P 500 COMPOSITE;27.03.2019;-0.5;0.1;0.49;0.009
S&P 500 COMPOSITE;28.03.2019;0.4;0.34;0.02;0.009
S&P 500 COMPOSITE;29.03.2019;0.66;-0.22;-0.92;0.009
S&P 500 COMPOSITE;01.04.2019;1.19;-0.3;0.99;0.01
S&P 500 COMPOSITE;02.04.2019;-0.05;-0.13;-0.44;0.01
S&P 500 COMPOSITE;03.04.2019;0.27;0.22;-0.39;0.01
S&P 500 COMPOSITE;04.04.2019;0.19;0.21;0.92;0.01
S&P 500 COMPOSITE;05.04.2019;0.52;0.53;-0.08;0.01
S&P 500 COMPOSITE;08.04.2019;0.08;-0.29;0.1;0.01
S&P 500 COMPOSITE;09.04.2019;-0.65;-0.57;-0.14;0.01
S&P 500 COMPOSITE;10.04.2019;0.48;0.97;-0.1;0.01
S&P 500 COMPOSITE;11.04.2019;0.0;-0.31;0.41;0.01
S&P 500 COMPOSITE;12.04.2019;0.65;-0.5;0.64;0.01
S&P 500 COMPOSITE;15.04.2019;-0.09;-0.22;-0.54;0.01
S&P 500 COMPOSITE;16.04.2019;0.13;0.12;0.7;0.01
S&P 500 COMPOSITE;17.04.2019;-0.32;-0.7;0.83;0.01
S&P 500 COMPOSITE;18.04.2019;0.11;-0.25;-0.51;0.01
S&P 500 COMPOSITE;22.04.2019;0.11;-0.46;-0.55;0.01
S&P 500 COMPOSITE;23.04.2019;0.97;0.72;-0.48;0.01
S&P 500 COMPOSITE;24.04.2019;-0.23;0.27;-0.08;0.01
S&P 500 COMPOSITE;25.04.2019;-0.14;-0.75;-0.19;0.01
S&P 500 COMPOSITE;26.04.2019;0.53;0.43;0.07;0.01
S&P 500 COMPOSITE;29.04.2019;0.18;0.08;0.64;0.01
S&P 500 COMPOSITE;30.04.2019;-0.04;-0.7;0.28;0.01
S&P 500 COMPOSITE;01.05.2019;-0.83;-0.1;-0.02;0.009
S&P 500 COMPOSITE;02.05.2019;-0.16;0.45;-0.27;0.009
S&P 500 COMPOSITE;03.05.2019;1.13;0.94;-0.27;0.009
S&P 500 COMPOSITE;06.05.2019;-0.39;0.6;-0.42;0.009
S&P 500 COMPOSITE;07.05.2019;-1.69;-0.28;0.5;0.009
S&P 500 COMPOSITE;08.05.2019;-0.22;-0.15;-0.32;0.009
S&P 500 COMPOSITE;09.05.2019;-0.28;0.08;0.12;0.009
S&P 500 COMPOSITE;10.05.2019;0.35;-0.37;0.08;0.009
S&P 500 COMPOSITE;13.05.2019;-2.67;-0.73;0.29;0.009
S&P 500 COMPOSITE;14.05.2019;0.93;0.4;-0.02;0.009
S&P 500 COMPOSITE;15.05.2019;0.58;0.05;-0.95;0.009
S&P 500 COMPOSITE;16.05.2019;0.91;-0.4;-0.32;0.009
S&P 500 COMPOSITE;17.05.2019;-0.73;-0.8;0.29;0.009
S&P 500 COMPOSITE;20.05.2019;-0.65;-0.23;0.72;0.009
S&P 500 COMPOSITE;21.05.2019;0.9;0.43;-0.35;0.009
S&P 500 COMPOSITE;22.05.2019;-0.4;-0.52;-0.59;0.009
S&P 500 COMPOSITE;23.05.2019;-1.37;-0.69;-0.27;0.009
S&P 500 COMPOSITE;24.05.2019;0.23;0.5;0.31;0.009
S&P 500 COMPOSITE;28.05.2019;-0.78;0.29;-0.63;0.009
S&P 500 COMPOSITE;29.05.2019;-0.71;-0.29;0.42;0.009
S&P 500 COMPOSITE;30.05.2019;0.14;-0.28;-0.77;0.009
S&P 500 COMPOSITE;31.05.2019;-1.37;-0.22;-0.09;0.009
S&P 500 COMPOSITE;03.06.2019;-0.4;0.35;1.65;0.009
S&P 500 COMPOSITE;04.06.2019;2.33;0.42;-0.02;0.009
S&P 500 COMPOSITE;05.06.2019;0.7;-0.98;-0.97;0.009
S&P 500 COMPOSITE;06.06.2019;0.55;-1.04;0.01;0.009
S&P 500 COMPOSITE;07.06.2019;1.04;0.05;-1.2;0.009
S&P 500 COMPOSITE;10.06.2019;0.53;-0.04;0.08;0.009
S&P 500 COMPOSITE;11.06.2019;-0.12;-0.25;0.55;0.009
S&P 500 COMPOSITE;12.06.2019;-0.2;0.41;-0.98;0.009
S&P 500 COMPOSITE;13.06.2019;0.52;0.67;-0.04;0.009
S&P 500 COMPOSITE;14.06.2019;-0.27;-0.79;0.31;0.009
S&P 500 COMPOSITE;17.06.2019;0.15;0.63;-1.12;0.009
S&P 500 COMPOSITE;18.06.2019;1.04;0.16;0.33;0.009
S&P 500 COMPOSITE;19.06.2019;0.32;0.11;-0.6;0.009
S&P 500 COMPOSITE;20.06.2019;0.89;-0.36;-0.23;0.009
S&P 500 COMPOSITE;21.06.2019;-0.21;-0.47;-0.04;0.009
S&P 500 COMPOSITE;24.06.2019;-0.34;-0.89;0.08;0.009
S&P 500 COMPOSITE;25.06.2019;-0.98;0.34;0.71;0.009
S&P 500 COMPOSITE;26.06.2019;-0.06;-0.05;0.25;0.009
S&P 500 COMPOSITE;27.06.2019;0.6;1.42;-0.09;0.009
S&P 500 COMPOSITE;28.06.2019;0.68;0.64;0.61;0.009
S&P 500 COMPOSITE;01.07.2019;0.75;-0.54;-0.13;0.009
S&P 500 COMPOSITE;02.07.2019;0.14;-0.79;-0.81;0.009
S&P 500 COMPOSITE;03.07.2019;0.78;-0.04;-0.33;0.009
S&P 500 COMPOSITE;05.07.2019;-0.1;0.16;0.91;0.009
S&P 500 COMPOSITE;08.07.2019;-0.58;-0.45;0.05;0.009
S&P 500 COMPOSITE;09.07.2019;0.18;-0.15;-0.43;0.009
S&P 500 COMPOSITE;10.07.2019;0.4;-0.15;-0.36;0.009
S&P 500 COMPOSITE;11.07.2019;0.19;-0.79;0.04;0.009
S&P 500 COMPOSITE;12.07.2019;0.53;0.18;0.41;0.009
S&P 500 COMPOSITE;15.07.2019;-0.04;-0.34;-1.07;0.009
S&P 500 COMPOSITE;16.07.2019;-0.32;0.35;0.1;0.009
S&P 500 COMPOSITE;17.07.2019;-0.64;-0.15;-0.65;0.009
S&P 500 COMPOSITE;18.07.2019;0.35;-0.29;0.02;0.009
S&P 500 COMPOSITE;19.07.2019;-0.56;0.15;0.86;0.009
S&P 500 COMPOSITE;22.07.2019;0.25;-0.44;-0.49;0.009
S&P 500 COMPOSITE;23.07.2019;0.65;-0.23;0.81;0.009
S&P 500 COMPOSITE;24.07.2019;0.66;0.74;0.85;0.009
S&P 500 COMPOSITE;25.07.2019;-0.63;-0.66;-0.12;0.009
S&P 500 COMPOSITE;26.07.2019;0.82;0.39;-0.19;0.009
S&P 500 COMPOSITE;29.07.2019;-0.32;-0.34;-0.46;0.009
S&P 500 COMPOSITE;30.07.2019;-0.17;1.36;0.89;0.009
S&P 500 COMPOSITE;31.07.2019;-1.09;0.12;0.61;0.009
S&P 500 COMPOSITE;01.08.2019;-1.04;-0.42;-1.9;0.007
S&P 500 COMPOSITE;02.08.2019;-0.87;-0.31;0.07;0.007
S&P 500 COMPOSITE;05.08.2019;-3.07;-0.01;0.0;0.007
S&P 500 COMPOSITE;06.08.2019;1.29;-0.42;-0.59;0.007
S&P 500 COMPOSITE;07.08.2019;0.07;0.08;-0.9;0.007
S&P 500 COMPOSITE;08.08.2019;1.97;0.04;-0.23;0.007
S&P 500 COMPOSITE;09.08.2019;-0.78;-0.42;-0.23;0.007
S&P 500 COMPOSITE;12.08.2019;-1.32;0.28;-0.27;0.007
S&P 500 COMPOSITE;13.08.2019;1.47;-0.17;-0.54;0.007
S&P 500 COMPOSITE;14.08.2019;-2.95;0.22;-0.51;0.007
S&P 500 COMPOSITE;15.08.2019;0.16;-0.61;-0.52;0.007
S&P 500 COMPOSITE;16.08.2019;1.55;0.52;0.61;0.007
S&P 500 COMPOSITE;19.08.2019;1.14;0.01;0.22;0.007
S&P 500 COMPOSITE;20.08.2019;-0.75;0.3;-0.5;0.007
S&P 500 COMPOSITE;21.08.2019;0.85;0.05;-0.3;0.007
S&P 500 COMPOSITE;22.08.2019;-0.1;-0.53;0.49;0.007
S&P 500 COMPOSITE;23.08.2019;-2.66;-0.55;-0.18;0.007
S&P 500 COMPOSITE;26.08.2019;1.08;-0.02;-0.17;0.007
S&P 500 COMPOSITE;27.08.2019;-0.46;-0.88;-0.67;0.007
S&P 500 COMPOSITE;28.08.2019;0.68;0.46;0.62;0.007
S&P 500 COMPOSITE;29.08.2019;1.35;0.31;0.34;0.007
S&P 500 COMPOSITE;30.08.2019;0.03;-0.38;0.23;0.007
S&P 500 COMPOSITE;03.09.2019;-0.86;-0.95;0.1;0.009
S&P 500 COMPOSITE;04.09.2019;1.08;-0.22;0.43;0.009
S&P 500 COMPOSITE;05.09.2019;1.42;0.4;0.7;0.009
S&P 500 COMPOSITE;06.09.2019;-0.02;-0.39;0.04;0.009
S&P 500 COMPOSITE;09.09.2019;0.07;0.74;3.06;0.009
S&P 500 COMPOSITE;10.09.2019;0.17;1.06;1.13;0.009
S&P 500 COMPOSITE;11.09.2019;0.88;1.33;-0.04;0.009
S&P 500 COMPOSITE;12.09.2019;0.22;-0.3;-0.13;0.009
S&P 500 COMPOSITE;13.09.2019;-0.01;0.01;0.74;0.009
S&P 500 COMPOSITE;16.09.2019;-0.23;0.9;0.53;0.009
S&P 500 COMPOSITE;17.09.2019;0.17;-0.59;-1.19;0.009
S&P 500 COMPOSITE;18.09.2019;-0.05;-0.76;0.06;0.009
S&P 500 COMPOSITE;19.09.2019;-0.05;-0.43;-0.46;0.009
S&P 500 COMPOSITE;20.09.2019;-0.48;0.29;0.15;0.009
S&P 500 COMPOSITE;23.09.2019;-0.02;-0.17;0.51;0.009
S&P 500 COMPOSITE;24.09.2019;-1.01;-0.73;0.0;0.009
S&P 500 COMPOSITE;25.09.2019;0.69;0.36;0.52;0.009
S&P 500 COMPOSITE;26.09.2019;-0.41;-0.96;0.12;0.009
S&P 500 COMPOSITE;27.09.2019;-0.62;-0.34;0.88;0.009
S&P 500 COMPOSITE;30.09.2019;0.5;-0.17;-0.48;0.009
S&P 500 COMPOSITE;01.10.2019;-1.31;-0.46;-0.58;0.007
S&P 500 COMPOSITE;02.10.2019;-1.73;0.9;-0.36;0.007
S&P 500 COMPOSITE;03.10.2019;0.8;-0.22;-0.89;0.007
S&P 500 COMPOSITE;04.10.2019;1.39;-0.47;-0.07;0.007
S&P 500 COMPOSITE;07.10.2019;-0.41;0.16;-0.02;0.007
S&P 500 COMPOSITE;08.10.2019;-1.61;-0.13;-0.12;0.007
S&P 500 COMPOSITE;09.10.2019;0.92;-0.55;-0.09;0.007
S&P 500 COMPOSITE;10.10.2019;0.59;-0.4;0.26;0.007
S&P 500 COMPOSITE;11.10.2019;1.23;0.47;0.19;0.007
S&P 500 COMPOSITE;14.10.2019;-0.18;-0.34;-0.04;0.007
S&P 500 COMPOSITE;15.10.2019;1.03;0.25;-0.25;0.007
S&P 500 COMPOSITE;16.10.2019;-0.24;0.4;0.23;0.007
S&P 500 COMPOSITE;17.10.2019;0.37;0.81;-0.28;0.007
S&P 500 COMPOSITE;18.10.2019;-0.49;-0.35;0.87;0.007
S&P 500 COMPOSITE;21.10.2019;0.71;0.16;0.35;0.007
S&P 500 COMPOSITE;22.10.2019;-0.34;0.22;0.86;0.007
S&P 500 COMPOSITE;23.10.2019;0.25;-0.09;0.27;0.007
S&P 500 COMPOSITE;24.10.2019;0.25;-0.26;-0.89;0.007
S&P 500 COMPOSITE;25.10.2019;0.51;0.27;0.08;0.007
S&P 500 COMPOSITE;28.10.2019;0.62;0.27;-0.25;0.007
S&P 500 COMPOSITE;29.10.2019;-0.13;0.3;0.5;0.007
S&P 500 COMPOSITE;30.10.2019;0.27;-0.36;-1.17;0.007
S&P 500 COMPOSITE;31.10.2019;-0.38;-0.26;-0.43;0.007
S&P 500 COMPOSITE;01.11.2019;1.08;0.48;0.83;0.006
S&P 500 COMPOSITE;04.11.2019;0.4;0.01;1.36;0.006
S&P 500 COMPOSITE;05.11.2019;-0.03;0.24;0.44;0.006
S&P 500 COMPOSITE;06.11.2019;-0.05;-0.72;0.23;0.006
S&P 500 COMPOSITE;07.11.2019;0.38;-0.14;0.51;0.006
S&P 500 COMPOSITE;08.11.2019;0.31;0.06;-0.36;0.006
S&P 500 COMPOSITE;11.11.2019;-0.19;0.0;-0.19;0.006
S&P 500 COMPOSITE;12.11.2019;0.16;-0.12;-0.15;0.006
S&P 500 COMPOSITE;13.11.2019;0.01;-0.22;-0.82;0.006
S&P 500 COMPOSITE;14.11.2019;0.07;-0.11;-0.25;0.006
S&P 500 COMPOSITE;15.11.2019;0.74;-0.25;-0.33;0.006
S&P 500 COMPOSITE;18.11.2019;0.02;-0.35;-0.51;0.006
S&P 500 COMPOSITE;19.11.2019;0.02;0.58;-0.95;0.006
S&P 500 COMPOSITE;20.11.2019;-0.33;0.0;-0.45;0.006
S&P 500 COMPOSITE;21.11.2019;-0.14;-0.35;0.11;0.006
S&P 500 COMPOSITE;22.11.2019;0.24;0.06;0.22;0.006
S&P 500 COMPOSITE;25.11.2019;0.92;1.32;-0.38;0.006
S&P 500 COMPOSITE;26.11.2019;0.19;0.06;-0.9;0.006
S&P 500 COMPOSITE;27.11.2019;0.44;0.23;-0.02;0.006
S&P 500 COMPOSITE;29.11.2019;-0.42;-0.04;-0.31;0.006
S&P 500 COMPOSITE;02.12.2019;-0.87;-0.25;0.48;0.007
S&P 500 COMPOSITE;03.12.2019;-0.66;0.6;-0.83;0.007
S&P 500 COMPOSITE;04.12.2019;0.6;0.13;0.25;0.007
S&P 500 COMPOSITE;05.12.2019;0.13;-0.21;0.46;0.007
S&P 500 COMPOSITE;06.12.2019;0.91;0.24;0.37;0.007
S&P 500 COMPOSITE;09.12.2019;-0.33;0.37;0.12;0.007
S&P 500 COMPOSITE;10.12.2019;-0.08;0.31;-0.09;0.007
S&P 500 COMPOSITE;11.12.2019;0.28;-0.07;0.13;0.007
S&P 500 COMPOSITE;12.12.2019;0.9;-0.14;1.14;0.007
S&P 500 COMPOSITE;13.12.2019;-0.03;-0.27;-0.54;0.007
S&P 500 COMPOSITE;16.12.2019;0.74;0.02;-0.04;0.007
S&P 500 COMPOSITE;17.12.2019;0.1;0.41;0.67;0.007
S&P 500 COMPOSITE;18.12.2019;-0.05;0.2;0.09;0.007
S&P 500 COMPOSITE;19.12.2019;0.43;-0.02;-0.42;0.007
S&P 500 COMPOSITE;20.12.2019;0.48;-0.3;-0.31;0.007
S&P 500 COMPOSITE;23.12.2019;0.1;0.2;-0.34;0.007
S&P 500 COMPOSITE;24.12.2019;0.01;0.39;-0.01;0.007
S&P 500 COMPOSITE;26.12.2019;0.48;-0.54;0.0;0.007
S&P 500 COMPOSITE;27.12.2019;-0.1;-0.53;-0.07;0.007
S&P 500 COMPOSITE;30.12.2019;-0.57;0.19;0.56;0.007
S&P 500 COMPOSITE;31.12.2019;0.28;-0.01;0.11;0.007
S&P 500 COMPOSITE;02.01.2020;0.86;-0.88;-0.34;0.006
S&P 500 COMPOSITE;03.01.2020;-0.67;0.38;0.01;0.006
S&P 500 COMPOSITE;06.01.2020;0.36;-0.07;-0.55;0.006
S&P 500 COMPOSITE;07.01.2020;-0.19;-0.01;-0.25;0.006
S&P 500 COMPOSITE;08.01.2020;0.47;-0.06;-0.64;0.006
S&P 500 COMPOSITE;09.01.2020;0.65;-0.64;-0.49;0.006
S&P 500 COMPOSITE;10.01.2020;-0.34;-0.19;-0.33;0.006
S&P 500 COMPOSITE;13.01.2020;0.73;-0.11;-0.08;0.006
S&P 500 COMPOSITE;14.01.2020;-0.06;0.39;-0.18;0.006
S&P 500 COMPOSITE;15.01.2020;0.16;0.47;-0.81;0.006
S&P 500 COMPOSITE;16.01.2020;0.88;0.52;-0.11;0.006
S&P 500 COMPOSITE;17.01.2020;0.28;-0.64;-0.13;0.006
S&P 500 COMPOSITE;21.01.2020;-0.32;-0.51;-0.61;0.006
S&P 500 COMPOSITE;22.01.2020;0.08;-0.26;0.01;0.006
S&P 500 COMPOSITE;23.01.2020;0.08;-0.05;-0.13;0.006
S&P 500 COMPOSITE;24.01.2020;-0.97;-0.44;-0.29;0.006
S&P 500 COMPOSITE;27.01.2020;-1.56;0.37;-0.41;0.006
S&P 500 COMPOSITE;28.01.2020;1.02;-0.12;-0.42;0.006
S&P 500 COMPOSITE;29.01.2020;-0.1;-0.24;-0.97;0.006
S&P 500 COMPOSITE;30.01.2020;0.34;-0.68;0.68;0.006
S&P 500 COMPOSITE;31.01.2020;-1.74;-0.42;-0.35;0.006
S&P 500 COMPOSITE;03.02.2020;0.84;0.62;-0.68;0.006
S&P 500 COMPOSITE;04.02.2020;1.57;-0.05;-0.68;0.006
S&P 500 COMPOSITE;05.02.2020;0.97;0.31;1.46;0.006
S&P 500 COMPOSITE;06.02.2020;0.27;-0.44;-0.83;0.006
S&P 500 COMPOSITE;07.02.2020;-0.55;-0.79;-0.03;0.006
S&P 500 COMPOSITE;10.02.2020;0.73;0.0;-0.88;0.006
S&P 500 COMPOSITE;11.02.2020;0.28;0.05;1.04;0.006
S&P 500 COMPOSITE;12.02.2020;0.66;0.15;-0.35;0.006
S&P 500 COMPOSITE;13.02.2020;-0.09;0.2;0.0;0.006
S&P 500 COMPOSITE;14.02.2020;0.15;-0.38;-0.66;0.006
S&P 500 COMPOSITE;18.02.2020;-0.19;0.16;-0.64;0.006
S&P 500 COMPOSITE;19.02.2020;0.6;0.18;0.03;0.006
S&P 500 COMPOSITE;20.02.2020;-0.35;0.49;0.66;0.006
S&P 500 COMPOSITE;21.02.2020;-1.12;-0.11;0.02;0.006
S&P 500 COMPOSITE;24.02.2020;-3.39;0.18;0.01;0.006
S&P 500 COMPOSITE;25.02.2020;-3.09;-0.1;-0.68;0.006
S&P 500 COMPOSITE;26.02.2020;-0.52;-0.38;-1.2;0.006
S&P 500 COMPOSITE;27.02.2020;-4.22;0.78;0.05;0.006
S&P 500 COMPOSITE;28.02.2020;-0.78;0.3;-0.8;0.006
S&P 500 COMPOSITE;02.03.2020;4.31;-1.69;-0.43;0.006
S&P 500 COMPOSITE;03.03.2020;-2.79;0.8;-0.63;0.006
S&P 500 COMPOSITE;04.03.2020;4.03;-1.08;-1.17;0.006
S&P 500 COMPOSITE;05.03.2020;-3.38;0.24;-1.4;0.006
S&P 500 COMPOSITE;06.03.2020;-1.78;0.06;-1.49;0.006
S&P 500 COMPOSITE;09.03.2020;-7.78;-0.38;-4.76;0.006
S&P 500 COMPOSITE;10.03.2020;4.74;-2.49;0.79;0.006
S&P 500 COMPOSITE;11.03.2020;-5.05;-0.84;-0.82;0.006
S&P 500 COMPOSITE;12.03.2020;-9.63;-0.44;-1.17;0.006
S&P 500 COMPOSITE;13.03.2020;8.96;-2.72;2.99;0.006
S&P 500 COMPOSITE;16.03.2020;-12.0;-0.26;-0.75;0.006
S&P 500 COMPOSITE;17.03.2020;5.88;0.84;-0.68;0.006
S&P 500 COMPOSITE;18.03.2020;-5.56;-3.57;-4.7;0.006
S&P 500 COMPOSITE;19.03.2020;1.31;5.48;0.85;0.006
S&P 500 COMPOSITE;20.03.2020;-4.15;0.35;-0.88;0.006
S&P 500 COMPOSITE;23.03.2020;-2.55;2.23;-3.29;0.006
S&P 500 COMPOSITE;24.03.2020;9.34;-1.26;2.39;0.006
S&P 500 COMPOSITE;25.03.2020;1.18;-0.73;1.93;0.006
S&P 500 COMPOSITE;26.03.2020;6.02;-0.72;1.09;0.006
S&P 500 COMPOSITE;27.03.2020;-3.48;-0.83;-0.76;0.006
S&P 500 COMPOSITE;30.03.2020;3.16;-0.3;-2.11;0.006
S&P 500 COMPOSITE;31.03.2020;-1.44;1.8;-0.39;0.006
S&P 500 COMPOSITE;01.04.2020;-4.51;-1.5;-1.42;0.0
S&P 500 COMPOSITE;02.04.2020;2.1;-0.98;-0.27;0.0
S&P 500 COMPOSITE;03.04.2020;-1.64;-1.09;-1.14;0.0
S&P 500 COMPOSITE;06.04.2020;7.06;0.76;0.3;0.0
S&P 500 COMPOSITE;07.04.2020;-0.11;-0.58;2.09;0.0
S&P 500 COMPOSITE;08.04.2020;3.4;0.31;1.29;0.0
S&P 500 COMPOSITE;09.04.2020;1.59;1.92;3.16;0.0
S&P 500 COMPOSITE;13.04.2020;-0.92;-0.84;-2.41;0.0
S&P 500 COMPOSITE;14.04.2020;3.02;-0.18;-3.13;0.0
S&P 500 COMPOSITE;15.04.2020;-2.15;-1.23;-2.54;0.0
S&P 500 COMPOSITE;16.04.2020;0.62;-0.21;-2.97;0.0
S&P 500 COMPOSITE;17.04.2020;2.72;0.73;2.76;0.0
S&P 500 COMPOSITE;20.04.2020;-1.56;0.77;-0.91;0.0
S&P 500 COMPOSITE;21.04.2020;-3.08;0.93;0.16;0.0
S&P 500 COMPOSITE;22.04.2020;2.31;-0.69;-1.64;0.0
S&P 500 COMPOSITE;23.04.2020;0.13;1.11;0.55;0.0
S&P 500 COMPOSITE;24.04.2020;1.44;0.26;-0.13;0.0
S&P 500 COMPOSITE;27.04.2020;1.73;1.61;2.7;0.0
S&P 500 COMPOSITE;28.04.2020;-0.45;0.99;2.85;0.0
S&P 500 COMPOSITE;29.04.2020;2.92;1.88;2.0;0.0
S&P 500 COMPOSITE;30.04.2020;-1.18;-1.43;-1.68;0.0
S&P 500 COMPOSITE;01.05.2020;-2.91;-0.56;-0.97;0.0
S&P 500 COMPOSITE;04.05.2020;0.54;0.2;-1.28;0.0
S&P 500 COMPOSITE;05.05.2020;0.95;0.04;-2.01;0.0
S&P 500 COMPOSITE;06.05.2020;-0.52;0.53;-2.71;0.0
S&P 500 COMPOSITE;07.05.2020;1.33;-0.06;0.4;0.0
S&P 500 COMPOSITE;08.05.2020;1.9;1.39;2.46;0.0
S&P 500 COMPOSITE;11.05.2020;0.07;0.47;-3.78;0.0
S&P 500 COMPOSITE;12.05.2020;-2.06;-0.84;-1.35;0.0
S&P 500 COMPOSITE;13.05.2020;-1.89;-0.9;-2.09;0.0
S&P 500 COMPOSITE;14.05.2020;1.14;-1.52;0.92;0.0
S&P 500 COMPOSITE;15.05.2020;0.57;1.61;-1.16;0.0
S&P 500 COMPOSITE;18.05.2020;3.24;1.57;4.61;0.0
S&P 500 COMPOSITE;19.05.2020;-1.01;-0.54;-1.5;0.0
S&P 500 COMPOSITE;20.05.2020;1.8;1.09;1.31;0.0
S&P 500 COMPOSITE;21.05.2020;-0.7;0.63;0.41;0.0
S&P 500 COMPOSITE;22.05.2020;0.27;0.47;-0.86;0.0
S&P 500 COMPOSITE;26.05.2020;1.23;0.1;4.56;0.0
S&P 500 COMPOSITE;27.05.2020;1.54;0.65;3.61;0.0
S&P 500 COMPOSITE;28.05.2020;-0.41;-1.53;-2.43;0.0
S&P 500 COMPOSITE;29.05.2020;0.6;-0.29;-1.97;0.0
S&P 500 COMPOSITE;01.06.2020;0.52;-0.04;0.42;0.0
S&P 500 COMPOSITE;02.06.2020;0.81;-0.09;0.54;0.0
S&P 500 COMPOSITE;03.06.2020;1.42;0.16;2.63;0.0
S&P 500 COMPOSITE;04.06.2020;-0.34;-0.22;2.89;0.0
S&P 500 COMPOSITE;05.06.2020;2.5;0.67;2.77;0.0
S&P 500 COMPOSITE;08.06.2020;1.39;0.37;2.09;0.0
S&P 500 COMPOSITE;09.06.2020;-0.85;-0.25;-1.93;0.0
S&P 500 COMPOSITE;10.06.2020;-0.56;-0.86;-4.1;0.0
S&P 500 COMPOSITE;11.06.2020;-5.91;-0.82;-3.04;0.0
S&P 500 COMPOSITE;12.06.2020;1.29;0.31;1.83;0.0
S&P 500 COMPOSITE;15.06.2020;1.09;1.46;-0.39;0.0
S&P 500 COMPOSITE;16.06.2020;1.87;0.6;0.49;0.0
S&P 500 COMPOSITE;17.06.2020;-0.4;-0.9;-1.98;0.0
S&P 500 COMPOSITE;18.06.2020;0.19;0.1;-0.53;0.0
S&P 500 COMPOSITE;19.06.2020;-0.45;0.09;-0.65;0.0
S&P 500 COMPOSITE;22.06.2020;0.71;0.84;-1.36;0.0
S&P 500 COMPOSITE;23.06.2020;0.42;0.16;-0.6;0.0
S&P 500 COMPOSITE;24.06.2020;-2.61;-0.45;-1.36;0.0
S&P 500 COMPOSITE;25.06.2020;1.12;0.24;0.51;0.0
S&P 500 COMPOSITE;26.06.2020;-2.44;0.12;-1.4;0.0
S&P 500 COMPOSITE;29.06.2020;1.51;1.25;1.84;0.0
S&P 500 COMPOSITE;30.06.2020;1.58;0.08;0.01;0.0
S&P 500 COMPOSITE;01.07.2020;0.41;-1.28;-2.58;0.001
S&P 500 COMPOSITE;02.07.2020;0.5;-0.02;-0.13;0.001
S&P 500 COMPOSITE;06.07.2020;1.65;-0.62;0.34;0.001
S&P 500 COMPOSITE;07.07.2020;-1.03;-0.5;-1.5;0.001
S&P 500 COMPOSITE;08.07.2020;0.91;0.3;-0.46;0.001
S&P 500 COMPOSITE;09.07.2020;-0.53;-0.93;-2.61;0.001
S&P 500 COMPOSITE;10.07.2020;1.11;-0.07;3.07;0.001
S&P 500 COMPOSITE;13.07.2020;-1.2;-0.77;2.04;0.001
S&P 500 COMPOSITE;14.07.2020;1.35;0.43;-0.29;0.001
S&P 500 COMPOSITE;15.07.2020;1.14;2.42;1.25;0.001
S&P 500 COMPOSITE;16.07.2020;-0.37;-0.35;0.8;0.001
S&P 500 COMPOSITE;17.07.2020;0.3;0.18;-1.43;0.001
S&P 500 COMPOSITE;20.07.2020;1.01;-0.45;-2.37;0.001
S&P 500 COMPOSITE;21.07.2020;0.15;0.84;3.27;0.001
S&P 500 COMPOSITE;22.07.2020;0.49;-0.62;-0.37;0.001
S&P 500 COMPOSITE;23.07.2020;-1.2;0.72;1.97;0.001
S&P 500 COMPOSITE;24.07.2020;-0.75;-0.82;0.44;0.001
S&P 500 COMPOSITE;27.07.2020;0.88;0.76;-1.99;0.001
S&P 500 COMPOSITE;28.07.2020;-0.81;-0.71;1.0;0.001
S&P 500 COMPOSITE;29.07.2020;1.35;0.48;0.89;0.001
S&P 500 COMPOSITE;30.07.2020;-0.29;0.49;-1.84;0.001
S&P 500 COMPOSITE;31.07.2020;0.61;-1.6;-0.66;0.001
S&P 500 COMPOSITE;03.08.2020;0.98;1.22;-0.84;0.0
S&P 500 COMPOSITE;04.08.2020;0.37;0.46;0.04;0.0
S&P 500 COMPOSITE;05.08.2020;0.78;1.03;0.83;0.0
S&P 500 COMPOSITE;06.08.2020;0.53;-0.42;-0.83;0.0
S&P 500 COMPOSITE;07.08.2020;0.02;0.91;2.4;0.0
S&P 500 COMPOSITE;10.08.2020;0.24;0.88;1.73;0.0
S&P 500 COMPOSITE;11.08.2020;-0.83;-0.33;1.64;0.0
S&P 500 COMPOSITE;12.08.2020;1.4;-0.51;-1.34;0.0
S&P 500 COMPOSITE;13.08.2020;-0.01;0.18;-1.33;0.0
S&P 500 COMPOSITE;14.08.2020;-0.04;-0.09;1.08;0.0
S&P 500 COMPOSITE;17.08.2020;0.45;0.59;-1.93;0.0
S&P 500 COMPOSITE;18.08.2020;0.22;-1.06;-1.43;0.0
S&P 500 COMPOSITE;19.08.2020;-0.38;0.47;0.1;0.0
S&P 500 COMPOSITE;20.08.2020;0.31;-0.52;-1.55;0.0
S&P 500 COMPOSITE;21.08.2020;0.26;-1.09;-0.43;0.0
S&P 500 COMPOSITE;24.08.2020;0.92;-0.37;2.59;0.0
S&P 500 COMPOSITE;25.08.2020;0.36;0.15;-0.65;0.0
S&P 500 COMPOSITE;26.08.2020;1.0;-1.17;-1.74;0.0
S&P 500 COMPOSITE;27.08.2020;0.18;-0.34;0.95;0.0
S&P 500 COMPOSITE;28.08.2020;0.7;0.26;-0.23;0.0
S&P 500 COMPOSITE;31.08.2020;-0.04;-0.42;-1.76;0.0
S&P 500 COMPOSITE;01.09.2020;0.92;0.44;-0.3;0.0
S&P 500 COMPOSITE;02.09.2020;1.27;-0.5;-0.45;0.0
S&P 500 COMPOSITE;03.09.2020;-3.7;-0.23;2.6;0.0
S&P 500 COMPOSITE;04.09.2020;-0.87;-0.17;2.06;0.0
S&P 500 COMPOSITE;08.09.2020;-2.91;0.66;-0.28;0.0
S&P 500 COMPOSITE;09.09.2020;2.07;-0.17;-2.0;0.0
S&P 500 COMPOSITE;10.09.2020;-1.64;0.3;-0.07;0.0
S&P 500 COMPOSITE;11.09.2020;-0.06;-0.84;0.89;0.0
S&P 500 COMPOSITE;14.09.2020;1.59;1.19;-0.8;0.0
S&P 500 COMPOSITE;15.09.2020;0.57;-0.27;-1.43;0.0
S&P 500 COMPOSITE;16.09.2020;-0.39;0.76;1.31;0.0
S&P 500 COMPOSITE;17.09.2020;-0.85;0.36;0.2;0.0
S&P 500 COMPOSITE;18.09.2020;-0.88;0.79;-0.21;0.0
S&P 500 COMPOSITE;21.09.2020;-1.08;-2.03;-1.89;0.0
S&P 500 COMPOSITE;22.09.2020;1.02;-0.14;-1.63;0.0
S&P 500 COMPOSITE;23.09.2020;-2.48;-0.71;0.16;0.0
S&P 500 COMPOSITE;24.09.2020;0.25;-0.21;0.38;0.0
S&P 500 COMPOSITE;25.09.2020;1.72;0.14;-1.34;0.0
S&P 500 COMPOSITE;28.09.2020;1.66;0.73;1.05;0.0
S&P 500 COMPOSITE;29.09.2020;-0.42;0.76;-1.33;0.0
S&P 500 COMPOSITE;30.09.2020;0.79;-0.73;0.16;0.0
S&P 500 COMPOSITE;01.10.2020;0.79;1.04;-0.54;0.0
S&P 500 COMPOSITE;02.10.2020;-0.96;1.08;2.44;0.0
S&P 500 COMPOSITE;05.10.2020;1.93;1.02;-0.1;0.0
S&P 500 COMPOSITE;06.10.2020;-1.28;0.74;0.26;0.0
S&P 500 COMPOSITE;07.10.2020;1.84;0.53;0.22;0.0
S&P 500 COMPOSITE;08.10.2020;0.8;0.03;0.99;0.0
S&P 500 COMPOSITE;09.10.2020;0.93;0.01;-1.41;0.0
S&P 500 COMPOSITE;12.10.2020;1.53;-0.83;-0.09;0.0
S&P 500 COMPOSITE;13.10.2020;-0.41;0.18;-1.72;0.0
S&P 500 COMPOSITE;14.10.2020;-0.65;0.09;0.03;0.0
S&P 500 COMPOSITE;15.10.2020;-0.08;0.89;1.14;0.0
S&P 500 COMPOSITE;16.10.2020;-0.06;-0.18;0.06;0.0
S&P 500 COMPOSITE;19.10.2020;-1.53;0.35;0.3;0.0
S&P 500 COMPOSITE;20.10.2020;0.34;-0.24;1.26;0.0
S&P 500 COMPOSITE;21.10.2020;-0.36;-0.47;0.41;0.0
S&P 500 COMPOSITE;22.10.2020;0.67;0.61;1.03;0.0
S&P 500 COMPOSITE;23.10.2020;0.38;0.42;0.04;0.0
S&P 500 COMPOSITE;26.10.2020;-1.85;-0.28;-0.39;0.0
S&P 500 COMPOSITE;27.10.2020;-0.23;-0.07;-2.33;0.0
S&P 500 COMPOSITE;28.10.2020;-3.41;0.01;0.58;0.0
S&P 500 COMPOSITE;29.10.2020;1.13;0.17;0.27;0.0
S&P 500 COMPOSITE;30.10.2020;-1.45;-0.8;1.86;0.0
S&P 500 COMPOSITE;02.11.2020;1.17;0.53;0.99;0.0
S&P 500 COMPOSITE;03.11.2020;1.93;1.0;-0.2;0.0
S&P 500 COMPOSITE;04.11.2020;2.25;-1.49;-5.0;0.0
S&P 500 COMPOSITE;05.11.2020;2.13;1.0;0.52;0.0
S&P 500 COMPOSITE;06.11.2020;0.01;-0.86;-0.93;0.0
S&P 500 COMPOSITE;09.11.2020;0.86;0.8;6.74;0.0
S&P 500 COMPOSITE;10.11.2020;-0.17;1.56;2.16;0.0
S&P 500 COMPOSITE;11.11.2020;0.88;-0.57;-1.75;0.0
S&P 500 COMPOSITE;12.11.2020;-0.94;-0.23;-1.18;0.0
S&P 500 COMPOSITE;13.11.2020;1.31;0.61;1.14;0.0
S&P 500 COMPOSITE;16.11.2020;1.22;0.78;2.0;0.0
S&P 500 COMPOSITE;17.11.2020;-0.19;0.61;0.0;0.0
S&P 500 COMPOSITE;18.11.2020;-0.93;-0.03;0.02;0.0
S&P 500 COMPOSITE;19.11.2020;0.59;0.47;-0.76;0.0
S&P 500 COMPOSITE;20.11.2020;-0.51;0.68;-0.6;0.0
S&P 500 COMPOSITE;23.11.2020;0.83;0.87;1.57;0.0
S&P 500 COMPOSITE;24.11.2020;1.56;-0.11;2.76;0.0
S&P 500 COMPOSITE;25.11.2020;0.03;0.0;-1.33;0.0
S&P 500 COMPOSITE;27.11.2020;0.43;0.47;-1.62;0.0
S&P 500 COMPOSITE;30.11.2020;-0.53;-0.99;-2.07;0.0
S&P 500 COMPOSITE;01.12.2020;0.98;-0.26;0.54;0.0
S&P 500 COMPOSITE;02.12.2020;0.11;-0.09;1.07;0.0
S&P 500 COMPOSITE;03.12.2020;0.18;0.49;-0.09;0.0
S&P 500 COMPOSITE;04.12.2020;1.02;1.47;0.84;0.0
S&P 500 COMPOSITE;07.12.2020;0.03;0.24;-1.02;0.0
S&P 500 COMPOSITE;08.12.2020;0.47;1.02;-0.71;0.0
S&P 500 COMPOSITE;09.12.2020;-1.03;-0.06;1.28;0.0
S&P 500 COMPOSITE;10.12.2020;0.24;1.12;-0.47;0.0
S&P 500 COMPOSITE;11.12.2020;-0.2;-0.38;-0.71;0.0
S&P 500 COMPOSITE;14.12.2020;-0.28;0.58;-1.52;0.0
S&P 500 COMPOSITE;15.12.2020;1.28;1.08;0.36;0.0
S&P 500 COMPOSITE;16.12.2020;0.17;-0.43;-0.38;0.0
S&P 500 COMPOSITE;17.12.2020;0.79;0.69;-0.71;0.0
S&P 500 COMPOSITE;18.12.2020;-0.12;0.07;-1.17;0.0
S&P 500 COMPOSITE;21.12.2020;-0.23;0.13;-0.05;0.0
S&P 500 COMPOSITE;22.12.2020;0.06;1.21;-1.61;0.0
S&P 500 COMPOSITE;23.12.2020;0.1;0.38;2.03;0.0
S&P 500 COMPOSITE;24.12.2020;0.21;-0.41;-0.19;0.0
S&P 500 COMPOSITE;28.12.2020;0.46;-0.73;0.36;0.0
S&P 500 COMPOSITE;29.12.2020;-0.4;-1.53;0.24;0.0
S&P 500 COMPOSITE;30.12.2020;0.27;1.01;0.03;0.0
S&P 500 COMPOSITE;31.12.2020;0.39;-0.89;0.41;0.0
S&P 500 COMPOSITE;04.01.2021;-1.41;0.22;0.58;0.0
S&P 500 COMPOSITE;05.01.2021;0.86;1.23;0.48;0.0
S&P 500 COMPOSITE;06.01.2021;0.79;2.14;3.93;0.0
S&P 500 COMPOSITE;07.01.2021;1.76;0.33;-0.83;0.0
S&P 500 COMPOSITE;08.01.2021;0.51;-0.75;-1.38;0.0
S&P 500 COMPOSITE;11.01.2021;-0.51;0.26;1.26;0.0
S&P 500 COMPOSITE;12.01.2021;0.38;1.29;1.21;0.0
S&P 500 COMPOSITE;13.01.2021;0.07;-0.93;-0.45;0.0
S&P 500 COMPOSITE;14.01.2021;-0.11;2.03;1.11;0.0
S&P 500 COMPOSITE;15.01.2021;-0.86;-0.49;-0.76;0.0
S&P 500 COMPOSITE;19.01.2021;0.92;0.88;-0.8;0.0
S&P 500 COMPOSITE;20.01.2021;1.26;-0.39;-1.08;0.0
S&P 500 COMPOSITE;21.01.2021;-0.04;-0.55;-0.94;0.0
S&P 500 COMPOSITE;22.01.2021;-0.07;1.87;-0.12;0.0
S&P 500 COMPOSITE;25.01.2021;0.29;-0.05;-0.41;0.0
S&P 500 COMPOSITE;26.01.2021;-0.32;0.02;0.01;0.0
S&P 500 COMPOSITE;27.01.2021;-2.53;1.33;1.55;0.0
S&P 500 COMPOSITE;28.01.2021;0.92;-1.94;-0.91;0.0
S&P 500 COMPOSITE;29.01.2021;-1.84;0.59;0.58;0.0
S&P 500 COMPOSITE;01.02.2021;1.73;0.93;-1.47;0.0
S&P 500 COMPOSITE;02.02.2021;1.48;-0.85;-1.08;0.0
S&P 500 COMPOSITE;03.02.2021;0.15;0.43;0.7;0.0
S&P 500 COMPOSITE;04.02.2021;1.23;0.38;0.37;0.0
S&P 500 COMPOSITE;05.02.2021;0.58;1.07;-0.47;0.0
S&P 500 COMPOSITE;08.02.2021;0.96;2.11;0.39;0.0
S&P 500 COMPOSITE;09.02.2021;0.05;0.71;-0.17;0.0
S&P 500 COMPOSITE;10.02.2021;-0.08;-0.48;0.64;0.0
S&P 500 COMPOSITE;11.02.2021;0.19;-0.22;-0.43;0.0
S&P 500 COMPOSITE;12.02.2021;0.49;-0.14;0.49;0.0
S&P 500 COMPOSITE;16.02.2021;-0.14;-0.61;1.88;0.0
S&P 500 COMPOSITE;17.02.2021;-0.21;-0.85;0.61;0.0
S&P 500 COMPOSITE;18.02.2021;-0.63;-1.55;-0.19;0.0
S&P 500 COMPOSITE;19.02.2021;0.16;1.79;0.71;0.0
S&P 500 COMPOSITE;22.02.2021;-1.13;-0.05;3.16;0.0
S&P 500 COMPOSITE;23.02.2021;-0.15;-1.27;0.9;0.0
S&P 500 COMPOSITE;24.02.2021;1.15;1.21;1.4;0.0
S&P 500 COMPOSITE;25.02.2021;-2.74;-1.14;0.92;0.0
S&P 500 COMPOSITE;26.02.2021;-0.28;0.66;-1.57;0.0
S&P 500 COMPOSITE;01.03.2021;2.63;1.09;0.23;0.0
S&P 500 COMPOSITE;02.03.2021;-1.05;-1.09;1.24;0.0
S&P 500 COMPOSITE;03.03.2021;-1.57;-0.19;3.57;0.0
S&P 500 COMPOSITE;04.03.2021;-1.7;-1.36;1.71;0.0
S&P 500 COMPOSITE;05.03.2021;1.85;0.21;0.62;0.0
S&P 500 COMPOSITE;08.03.2021;-0.67;0.61;3.7;0.0
S&P 500 COMPOSITE;09.03.2021;1.79;1.29;-3.24;0.0
S&P 500 COMPOSITE;10.03.2021;0.68;0.77;1.82;0.0
S&P 500 COMPOSITE;11.03.2021;1.44;1.6;-2.02;0.0
S&P 500 COMPOSITE;12.03.2021;0.1;0.13;1.3;0.0
S&P 500 COMPOSITE;15.03.2021;0.7;-0.11;-1.29;0.0
S&P 500 COMPOSITE;16.03.2021;-0.43;-1.11;-0.83;0.0
S&P 500 COMPOSITE;17.03.2021;0.33;0.47;0.33;0.0
S&P 500 COMPOSITE;18.03.2021;-1.88;-1.75;2.18;0.0
S&P 500 COMPOSITE;19.03.2021;0.25;1.26;-0.99;0.0
S&P 500 COMPOSITE;22.03.2021;0.55;-1.2;-2.21;0.0
S&P 500 COMPOSITE;23.03.2021;-1.17;-2.71;-1.04;0.0
S&P 500 COMPOSITE;24.03.2021;-1.01;-1.97;1.47;0.0
S&P 500 COMPOSITE;25.03.2021;0.67;1.68;1.39;0.0
S&P 500 COMPOSITE;26.03.2021;1.55;0.18;0.69;0.0
S&P 500 COMPOSITE;29.03.2021;-0.49;-2.4;-0.23;0.0
S&P 500 COMPOSITE;30.03.2021;-0.02;1.54;1.0;0.0
S&P 500 COMPOSITE;31.03.2021;0.63;1.11;-2.33;0.0
S&P 500 COMPOSITE;01.04.2021;1.27;0.29;0.0;0.0
S&P 500 COMPOSITE;05.04.2021;1.27;-0.59;-0.71;0.0
S&P 500 COMPOSITE;06.04.2021;0.01;-0.32;0.1;0.0
S&P 500 COMPOSITE;07.04.2021;-0.12;-1.61;0.32;0.0
S&P 500 COMPOSITE;08.04.2021;0.62;0.59;-1.16;0.0
S&P 500 COMPOSITE;09.04.2021;0.65;-0.64;0.14;0.0
S&P 500 COMPOSITE;12.04.2021;-0.05;-0.62;0.58;0.0
S&P 500 COMPOSITE;13.04.2021;0.41;-0.28;-1.61;0.0
S&P 500 COMPOSITE;14.04.2021;-0.35;0.79;1.41;0.0
S&P 500 COMPOSITE;15.04.2021;1.04;-0.44;-1.19;0.0
S&P 500 COMPOSITE;16.04.2021;0.27;-0.36;0.65;0.0
S&P 500 COMPOSITE;19.04.2021;-0.73;-0.77;0.79;0.0
S&P 500 COMPOSITE;20.04.2021;-0.94;-1.18;-1.56;0.0
S&P 500 COMPOSITE;21.04.2021;1.11;1.39;0.1;0.0
S&P 500 COMPOSITE;22.04.2021;-0.77;0.65;-0.76;0.0
S&P 500 COMPOSITE;23.04.2021;1.26;0.75;0.7;0.0
S&P 500 COMPOSITE;26.04.2021;0.43;0.87;-0.5;0.0
S&P 500 COMPOSITE;27.04.2021;-0.03;-0.16;0.84;0.0
S&P 500 COMPOSITE;28.04.2021;-0.06;0.2;0.19;0.0
S&P 500 COMPOSITE;29.04.2021;0.39;-1.14;1.09;0.0
S&P 500 COMPOSITE;30.04.2021;-0.83;-0.43;-0.32;0.0
S&P 500 COMPOSITE;03.05.2021;0.17;0.43;1.7;0.0
S&P 500 COMPOSITE;04.05.2021;-0.89;-0.75;2.0;0.0
S&P 500 COMPOSITE;05.05.2021;-0.06;-0.46;1.34;0.0
S&P 500 COMPOSITE;06.05.2021;0.48;-0.83;1.2;0.0
S&P 500 COMPOSITE;07.05.2021;0.84;0.43;-0.09;0.0
S&P 500 COMPOSITE;10.05.2021;-1.36;-1.68;1.7;0.0
S&P 500 COMPOSITE;11.05.2021;-0.63;0.96;-0.89;0.0
S&P 500 COMPOSITE;12.05.2021;-2.34;-1.33;0.71;0.0
S&P 500 COMPOSITE;13.05.2021;1.02;0.26;1.14;0.0
S&P 500 COMPOSITE;14.05.2021;1.81;0.98;-0.15;0.0
S&P 500 COMPOSITE;17.05.2021;-0.24;0.6;0.83;0.0
S&P 500 COMPOSITE;18.05.2021;-0.69;0.26;-0.94;0.0
S&P 500 COMPOSITE;19.05.2021;-0.34;-0.37;-0.46;0.0
S&P 500 COMPOSITE;20.05.2021;1.15;-0.11;-1.42;0.0
S&P 500 COMPOSITE;21.05.2021;-0.04;0.22;0.98;0.0
S&P 500 COMPOSITE;24.05.2021;0.99;-0.37;-0.69;0.0
S&P 500 COMPOSITE;25.05.2021;-0.3;-0.61;-1.23;0.0
S&P 500 COMPOSITE;26.05.2021;0.47;1.77;0.56;0.0
S&P 500 COMPOSITE;27.05.2021;0.28;0.8;0.94;0.0
S&P 500 COMPOSITE;28.05.2021;0.04;-0.3;-0.3;0.0
S&P 500 COMPOSITE;01.06.2021;0.03;1.11;1.45;0.0
S&P 500 COMPOSITE;02.06.2021;0.12;-0.12;0.31;0.0
S&P 500 COMPOSITE;03.06.2021;-0.53;-0.53;0.72;0.0
S&P 500 COMPOSITE;04.06.2021;0.89;-0.36;-0.89;0.0
S&P 500 COMPOSITE;07.06.2021;0.15;1.57;-0.96;0.0
S&P 500 COMPOSITE;08.06.2021;0.19;1.15;-0.31;0.0
S&P 500 COMPOSITE;09.06.2021;-0.3;-0.29;-0.84;0.0
S&P 500 COMPOSITE;10.06.2021;0.4;-0.89;-2.04;0.0
S&P 500 COMPOSITE;11.06.2021;0.37;0.67;0.18;0.0
S&P 500 COMPOSITE;14.06.2021;0.15;-0.31;-1.61;0.0
S&P 500 COMPOSITE;15.06.2021;-0.3;-0.03;1.3;0.0
S&P 500 COMPOSITE;16.06.2021;-0.45;0.44;0.2;0.0
S&P 500 COMPOSITE;17.06.2021;0.01;-0.49;-3.57;0.0
S&P 500 COMPOSITE;18.06.2021;-1.22;-0.42;-1.44;0.0
S&P 500 COMPOSITE;21.06.2021;1.34;0.59;1.06;0.0
S&P 500 COMPOSITE;22.06.2021;0.58;0.04;-0.43;0.0
S&P 500 COMPOSITE;23.06.2021;0.01;0.55;-0.29;0.0
S&P 500 COMPOSITE;24.06.2021;0.69;0.65;0.23;0.0
S&P 500 COMPOSITE;25.06.2021;0.31;-0.7;0.43;0.0
S&P 500 COMPOSITE;28.06.2021;0.22;-0.49;-1.6;0.0
S&P 500 COMPOSITE;29.06.2021;0.0;-0.25;-0.29;0.0
S&P 500 COMPOSITE;30.06.2021;0.07;-0.12;0.76;0.0
S&P 500 COMPOSITE;01.07.2021;0.43;0.37;0.41;0.0
S&P 500 COMPOSITE;02.07.2021;0.56;-1.33;-0.72;0.0
S&P 500 COMPOSITE;06.07.2021;-0.28;-0.65;-1.99;0.0
S&P 500 COMPOSITE;07.07.2021;0.09;-0.92;0.08;0.0
S&P 500 COMPOSITE;08.07.2021;-0.86;0.15;-0.77;0.0
S&P 500 COMPOSITE;09.07.2021;1.25;0.62;1.57;0.0
S&P 500 COMPOSITE;12.07.2021;0.23;-0.17;0.56;0.0
S&P 500 COMPOSITE;13.07.2021;-0.56;-1.13;-0.41;0.0
S&P 500 COMPOSITE;14.07.2021;-0.26;-1.16;0.34;0.0
S&P 500 COMPOSITE;15.07.2021;-0.38;-0.36;0.79;0.0
S&P 500 COMPOSITE;16.07.2021;-0.77;-0.23;-1.25;0.0
S&P 500 COMPOSITE;19.07.2021;-1.41;0.31;-1.74;0.0
S&P 500 COMPOSITE;20.07.2021;1.69;0.79;0.16;0.0
S&P 500 COMPOSITE;21.07.2021;0.95;0.63;0.79;0.0
S&P 500 COMPOSITE;22.07.2021;0.09;-1.34;-1.01;0.0
S&P 500 COMPOSITE;23.07.2021;0.98;-0.1;-0.47;0.0
S&P 500 COMPOSITE;26.07.2021;0.18;-0.09;1.33;0.0
S&P 500 COMPOSITE;27.07.2021;-0.66;-0.66;0.6;0.0
S&P 500 COMPOSITE;28.07.2021;0.27;1.41;-0.66;0.0
S&P 500 COMPOSITE;29.07.2021;0.41;-0.01;0.94;0.0
S&P 500 COMPOSITE;30.07.2021;-0.65;-0.07;-0.17;0.0
S&P 500 COMPOSITE;02.08.2021;-0.12;-0.15;-0.41;0.0
S&P 500 COMPOSITE;03.08.2021;0.73;-0.48;0.92;0.0
S&P 500 COMPOSITE;04.08.2021;-0.39;-0.61;-1.56;0.0
S&P 500 COMPOSITE;05.08.2021;0.74;1.14;-0.1;0.0
S&P 500 COMPOSITE;06.08.2021;0.09;0.05;1.88;0.0
S&P 500 COMPOSITE;09.08.2021;0.01;-0.36;-0.26;0.0
S&P 500 COMPOSITE;10.08.2021;0.06;0.0;1.82;0.0
S&P 500 COMPOSITE;11.08.2021;0.19;-0.01;1.41;0.0
S&P 500 COMPOSITE;12.08.2021;0.24;-0.59;-0.4;0.0
S&P 500 COMPOSITE;13.08.2021;0.0;-0.85;-0.25;0.0
S&P 500 COMPOSITE;16.08.2021;-0.05;-0.86;0.05;0.0
S&P 500 COMPOSITE;17.08.2021;-0.8;-0.45;-0.11;0.0
S&P 500 COMPOSITE;18.08.2021;-0.95;0.12;-0.19;0.0
S&P 500 COMPOSITE;19.08.2021;-0.15;-0.79;-0.82;0.0
S&P 500 COMPOSITE;20.08.2021;0.92;1.0;-0.49;0.0
S&P 500 COMPOSITE;23.08.2021;1.08;0.94;-0.85;0.0
S&P 500 COMPOSITE;24.08.2021;0.41;0.36;0.36;0.0
S&P 500 COMPOSITE;25.08.2021;0.26;-0.04;0.36;0.0
S&P 500 COMPOSITE;26.08.2021;-0.65;-0.39;-0.32;0.0
S&P 500 COMPOSITE;27.08.2021;1.07;1.62;0.3;0.0
S&P 500 COMPOSITE;30.08.2021;0.35;-0.35;-1.37;0.0
S&P 500 COMPOSITE;31.08.2021;-0.13;0.44;-0.05;0.0
S&P 500 COMPOSITE;01.09.2021;0.11;0.59;-0.94;0.0
S&P 500 COMPOSITE;02.09.2021;0.36;0.1;-0.04;0.0
S&P 500 COMPOSITE;03.09.2021;-0.01;-0.38;-0.26;0.0
S&P 500 COMPOSITE;07.09.2021;-0.36;-0.14;-0.09;0.0
S&P 500 COMPOSITE;08.09.2021;-0.34;-0.81;0.08;0.0
S&P 500 COMPOSITE;09.09.2021;-0.27;0.23;0.09;0.0
S&P 500 COMPOSITE;10.09.2021;-0.76;-0.1;0.02;0.0
S&P 500 COMPOSITE;13.09.2021;0.14;-0.05;1.34;0.0
S&P 500 COMPOSITE;14.09.2021;-0.66;-0.5;-0.97;0.0
S&P 500 COMPOSITE;15.09.2021;0.88;0.02;0.63;0.0
S&P 500 COMPOSITE;16.09.2021;-0.03;0.04;-0.55;0.0
S&P 500 COMPOSITE;17.09.2021;-0.72;0.99;-0.05;0.0
S&P 500 COMPOSITE;20.09.2021;-1.87;-0.58;0.23;0.0
S&P 500 COMPOSITE;21.09.2021;0.05;0.45;-0.67;0.0
S&P 500 COMPOSITE;22.09.2021;1.0;0.17;0.53;0.0
S&P 500 COMPOSITE;23.09.2021;1.28;0.36;0.93;0.0
S&P 500 COMPOSITE;24.09.2021;0.08;-0.47;0.7;0.0
S&P 500 COMPOSITE;27.09.2021;-0.1;1.25;2.43;0.0
S&P 500 COMPOSITE;28.09.2021;-2.18;-0.44;1.76;0.0
S&P 500 COMPOSITE;29.09.2021;0.03;-0.3;0.8;0.0
S&P 500 COMPOSITE;30.09.2021;-1.02;0.32;-0.77;0.0
S&P 500 COMPOSITE;01.10.2021;1.1;0.4;0.5;0.0
S&P 500 COMPOSITE;04.10.2021;-1.43;-0.03;2.34;0.0
S&P 500 COMPOSITE;05.10.2021;1.05;-0.52;-0.07;0.0
S&P 500 COMPOSITE;06.10.2021;0.33;-0.86;-0.49;0.0
S&P 500 COMPOSITE;07.10.2021;1.01;0.53;-0.17;0.0
S&P 500 COMPOSITE;08.10.2021;-0.28;-0.61;1.12;0.0
S&P 500 COMPOSITE;11.10.2021;-0.72;0.32;-0.28;0.0
S&P 500 COMPOSITE;12.10.2021;-0.06;0.63;-0.44;0.0
S&P 500 COMPOSITE;13.10.2021;0.43;0.14;-1.06;0.0
S&P 500 COMPOSITE;14.10.2021;1.65;-0.34;-0.27;0.0
S&P 500 COMPOSITE;15.10.2021;0.63;-1.2;0.3;0.0
S&P 500 COMPOSITE;18.10.2021;0.41;-0.25;-0.01;0.0
S&P 500 COMPOSITE;19.10.2021;0.71;-0.49;-0.23;0.0
S&P 500 COMPOSITE;20.10.2021;0.34;-0.02;1.19;0.0
S&P 500 COMPOSITE;21.10.2021;0.37;0.21;-0.95;0.0
S&P 500 COMPOSITE;22.10.2021;-0.25;-0.24;1.01;0.0
S&P 500 COMPOSITE;25.10.2021;0.58;0.48;-0.15;0.0
S&P 500 COMPOSITE;26.10.2021;0.04;-0.71;-0.31;0.0
S&P 500 COMPOSITE;27.10.2021;-0.76;-0.74;-1.18;0.0
S&P 500 COMPOSITE;28.10.2021;1.14;0.88;-0.49;0.0
S&P 500 COMPOSITE;29.10.2021;0.22;0.2;-0.84;0.0
S&P 500 COMPOSITE;01.11.2021;0.51;2.02;0.44;0.0
S&P 500 COMPOSITE;02.11.2021;0.24;-0.29;-0.54;0.0
S&P 500 COMPOSITE;03.11.2021;0.8;1.45;-0.12;0.0
S&P 500 COMPOSITE;04.11.2021;0.39;-0.03;-1.37;0.0
S&P 500 COMPOSITE;05.11.2021;0.38;0.68;1.19;0.0
S&P 500 COMPOSITE;08.11.2021;0.18;0.02;0.07;0.0
S&P 500 COMPOSITE;09.11.2021;-0.35;-0.18;0.45;0.0
S&P 500 COMPOSITE;10.11.2021;-1.07;-0.65;0.94;0.0
S&P 500 COMPOSITE;11.11.2021;0.24;0.54;0.33;0.0
S&P 500 COMPOSITE;12.11.2021;0.74;-0.32;-0.91;0.0
S&P 500 COMPOSITE;15.11.2021;-0.02;-0.54;0.71;0.0
S&P 500 COMPOSITE;16.11.2021;0.5;0.04;-0.72;0.0
S&P 500 COMPOSITE;17.11.2021;-0.47;-0.55;-0.25;0.0
S&P 500 COMPOSITE;18.11.2021;0.06;-0.57;-0.07;0.0
S&P 500 COMPOSITE;19.11.2021;-0.2;-0.17;-1.29;0.0
S&P 500 COMPOSITE;22.11.2021;-0.61;-0.54;2.76;0.0
S&P 500 COMPOSITE;23.11.2021;-0.03;-0.52;1.75;0.0
S&P 500 COMPOSITE;24.11.2021;0.3;0.03;-0.87;0.0
S&P 500 COMPOSITE;26.11.2021;-2.22;-1.23;-0.92;0.0
S&P 500 COMPOSITE;29.11.2021;1.11;-1.01;-0.79;0.0
S&P 500 COMPOSITE;30.11.2021;-1.95;0.52;-1.13;0.0
S&P 500 COMPOSITE;01.12.2021;-1.61;-0.8;1.1;0.0
S&P 500 COMPOSITE;02.12.2021;1.51;0.72;1.27;0.0
S&P 500 COMPOSITE;03.12.2021;-1.21;-1.13;1.06;0.0
S&P 500 COMPOSITE;06.12.2021;1.19;0.75;0.63;0.0
S&P 500 COMPOSITE;07.12.2021;2.22;0.2;-1.79;0.0
S&P 500 COMPOSITE;08.12.2021;0.47;0.66;-0.83;0.0
S&P 500 COMPOSITE;09.12.2021;-1.07;-1.37;1.57;0.0
S&P 500 COMPOSITE;10.12.2021;0.7;-0.83;0.5;0.0
S&P 500 COMPOSITE;13.12.2021;-1.04;-0.31;-0.98;0.0
S&P 500 COMPOSITE;14.12.2021;-0.76;-0.67;1.64;0.0
S&P 500 COMPOSITE;15.12.2021;1.62;0.39;-1.91;0.0
S&P 500 COMPOSITE;16.12.2021;-1.2;-1.6;2.78;0.0
S&P 500 COMPOSITE;17.12.2021;-0.65;1.89;-2.33;0.0
S&P 500 COMPOSITE;20.12.2021;-1.27;-0.15;-0.41;0.0
S&P 500 COMPOSITE;21.12.2021;2.06;0.82;0.19;0.0
S&P 500 COMPOSITE;22.12.2021;0.97;0.25;-0.36;0.0
S&P 500 COMPOSITE;23.12.2021;0.71;0.35;-0.48;0.0
S&P 500 COMPOSITE;27.12.2021;1.22;-0.11;0.29;0.0
S&P 500 COMPOSITE;28.12.2021;-0.27;-0.6;0.81;0.0
S&P 500 COMPOSITE;29.12.2021;0.06;-0.07;0.17;0.0
S&P 500 COMPOSITE;30.12.2021;-0.15;0.1;-0.4;0.0
S&P 500 COMPOSITE;31.12.2021;-0.31;0.04;0.53;0.0
S&P 500 COMPOSITE;03.01.2022;0.73;0.33;0.78;0.0
S&P 500 COMPOSITE;04.01.2022;-0.29;-0.82;3.62;0.0
S&P 500 COMPOSITE;05.01.2022;-2.28;-1.46;2.6;0.0
S&P 500 COMPOSITE;06.01.2022;0.0;0.21;1.75;0.0
S&P 500 COMPOSITE;07.01.2022;-0.48;-1.32;2.02;0.0
S&P 500 COMPOSITE;10.01.2022;-0.15;-0.22;-0.28;0.0
S&P 500 COMPOSITE;11.01.2022;1.1;-0.08;-0.3;0.0
S&P 500 COMPOSITE;12.01.2022;0.12;-0.88;0.5;0.0
S&P 500 COMPOSITE;13.01.2022;-1.57;0.3;2.41;0.0
S&P 500 COMPOSITE;14.01.2022;0.08;0.18;0.54;0.0
S&P 500 COMPOSITE;18.01.2022;-2.08;-1.03;1.37;0.0
S&P 500 COMPOSITE;19.01.2022;-1.01;-0.33;-0.67;0.0
S&P 500 COMPOSITE;20.01.2022;-1.14;-0.86;-0.23;0.0
S&P 500 COMPOSITE;21.01.2022;-2.1;0.28;0.49;0.0
S&P 500 COMPOSITE;24.01.2022;0.53;1.81;-0.25;0.0
S&P 500 COMPOSITE;25.01.2022;-1.43;-0.61;2.79;0.0
S&P 500 COMPOSITE;26.01.2022;-0.3;-1.08;0.09;0.0
S&P 500 COMPOSITE;27.01.2022;-0.79;-1.64;0.79;0.0
S&P 500 COMPOSITE;28.01.2022;2.45;-0.14;-2.07;0.0
S&P 500 COMPOSITE;31.01.2022;2.34;1.31;-2.86;0.0
S&P 500 COMPOSITE;01.02.2022;0.87;0.05;0.65;0.0
S&P 500 COMPOSITE;02.02.2022;0.48;-1.74;0.72;0.0
S&P 500 COMPOSITE;03.02.2022;-2.49;-0.05;2.18;0.0
S&P 500 COMPOSITE;04.02.2022;0.89;-0.02;-0.6;0.0
S&P 500 COMPOSITE;07.02.2022;-0.25;0.53;0.23;0.0
S&P 500 COMPOSITE;08.02.2022;1.02;0.68;-0.28;0.0
S&P 500 COMPOSITE;09.02.2022;1.61;0.22;-1.95;0.0
S&P 500 COMPOSITE;10.02.2022;-1.69;-0.14;1.23;0.0
S&P 500 COMPOSITE;11.02.2022;-1.92;0.6;2.13;0.0
S&P 500 COMPOSITE;14.02.2022;-0.35;0.21;-0.59;0.0
S&P 500 COMPOSITE;15.02.2022;1.87;1.33;-1.42;0.0
S&P 500 COMPOSITE;16.02.2022;-0.02;-0.09;0.31;0.0
S&P 500 COMPOSITE;17.02.2022;-2.28;-0.28;1.1;0.0
S&P 500 COMPOSITE;18.02.2022;-0.87;-0.09;0.93;0.0
S&P 500 COMPOSITE;22.02.2022;-1.18;-0.48;0.11;0.0
S&P 500 COMPOSITE;23.02.2022;-1.96;-0.2;1.26;0.0
S&P 500 COMPOSITE;24.02.2022;1.89;1.51;-3.86;0.0
S&P 500 COMPOSITE;25.02.2022;2.23;-0.41;1.22;0.0
S&P 500 COMPOSITE;28.02.2022;0.05;0.63;-0.5;0.0
S&P 500 COMPOSITE;01.03.2022;-1.57;-0.1;-0.81;0.0
S&P 500 COMPOSITE;02.03.2022;1.81;0.42;1.34;0.0
S&P 500 COMPOSITE;03.03.2022;-0.88;-0.57;1.52;0.0
S&P 500 COMPOSITE;04.03.2022;-1.1;-0.67;0.68;0.0
S&P 500 COMPOSITE;07.03.2022;-3.12;0.58;0.89;0.0
S&P 500 COMPOSITE;08.03.2022;-0.52;1.02;0.32;0.0
S&P 500 COMPOSITE;09.03.2022;2.8;0.32;-2.09;0.0
S&P 500 COMPOSITE;10.03.2022;-0.47;0.11;1.16;0.0
S&P 500 COMPOSITE;11.03.2022;-1.49;-0.44;1.79;0.0
S&P 500 COMPOSITE;14.03.2022;-1.06;-1.34;1.77;0.0
S&P 500 COMPOSITE;15.03.2022;2.15;-0.12;-2.39;0.0
S&P 500 COMPOSITE;16.03.2022;2.61;0.8;-1.83;0.0
S&P 500 COMPOSITE;17.03.2022;1.43;0.29;-1.09;0.0
S&P 500 COMPOSITE;18.03.2022;1.33;0.27;-1.85;0.0
S&P 500 COMPOSITE;21.03.2022;-0.18;-1.11;1.59;0.0
S&P 500 COMPOSITE;22.03.2022;1.31;0.04;-1.16;0.0
S&P 500 COMPOSITE;23.03.2022;-1.26;-0.64;0.37;0.0
S&P 500 COMPOSITE;24.03.2022;1.42;-0.09;-0.79;0.0
S&P 500 COMPOSITE;25.03.2022;0.27;-0.59;2.18;0.0
S&P 500 COMPOSITE;28.03.2022;0.73;-0.56;-1.7;0.0
S&P 500 COMPOSITE;29.03.2022;1.45;1.54;-1.92;0.0
S&P 500 COMPOSITE;30.03.2022;-0.83;-1.27;0.4;0.0
S&P 500 COMPOSITE;31.03.2022;-1.55;0.71;-0.44;0.0
S&P 500 COMPOSITE;01.04.2022;0.39;0.69;-0.59;0.001
S&P 500 COMPOSITE;04.04.2022;0.94;-0.05;-1.88;0.001
S&P 500 COMPOSITE;05.04.2022;-1.54;-0.97;0.84;0.001
S&P 500 COMPOSITE;06.04.2022;-1.24;-0.66;1.09;0.001
S&P 500 COMPOSITE;07.04.2022;0.33;-0.61;-0.13;0.001
S&P 500 COMPOSITE;08.04.2022;-0.39;-0.99;2.24;0.001
S&P 500 COMPOSITE;11.04.2022;-1.53;0.29;1.06;0.001
S&P 500 COMPOSITE;12.04.2022;-0.29;0.55;0.46;0.001
S&P 500 COMPOSITE;13.04.2022;1.4;0.93;-0.71;0.001
S&P 500 COMPOSITE;14.04.2022;-1.28;0.03;1.41;0.001
S&P 500 COMPOSITE;18.04.2022;-0.21;-0.81;1.8;0.001
S&P 500 COMPOSITE;19.04.2022;1.77;0.59;-0.95;0.001
S&P 500 COMPOSITE;20.04.2022;-0.28;0.19;1.26;0.001
S&P 500 COMPOSITE;21.04.2022;-1.75;-0.71;0.41;0.001
S&P 500 COMPOSITE;22.04.2022;-2.74;0.32;-0.16;0.001
S&P 500 COMPOSITE;25.04.2022;0.71;0.43;-1.83;0.001
S&P 500 COMPOSITE;26.04.2022;-3.0;-0.67;1.79;0.001
S&P 500 COMPOSITE;27.04.2022;0.12;-0.61;0.34;0.001
S&P 500 COMPOSITE;28.04.2022;2.44;-0.19;-0.45;0.001
S&P 500 COMPOSITE;29.04.2022;-3.53;0.74;0.59;0.001
S&P 500 COMPOSITE;02.05.2022;0.8;0.59;-1.15;0.001
S&P 500 COMPOSITE;03.05.2022;0.41;-0.17;1.62;0.001
S&P 500 COMPOSITE;04.05.2022;3.0;-0.45;0.24;0.001
S&P 500 COMPOSITE;05.05.2022;-3.8;-0.78;2.37;0.001
S&P 500 COMPOSITE;06.05.2022;-0.85;-1.31;1.77;0.001
S&P 500 COMPOSITE;09.05.2022;-3.54;-0.5;1.37;0.001
S&P 500 COMPOSITE;10.05.2022;0.2;-0.22;-1.22;0.001
S&P 500 COMPOSITE;11.05.2022;-1.95;-1.11;2.59;0.001
S&P 500 COMPOSITE;12.05.2022;0.17;1.28;-1.23;0.001
S&P 500 COMPOSITE;13.05.2022;2.76;0.9;-2.2;0.001
S&P 500 COMPOSITE;16.05.2022;-0.6;-0.21;1.35;0.001
S&P 500 COMPOSITE;17.05.2022;2.14;0.96;-0.05;0.001
S&P 500 COMPOSITE;18.05.2022;-4.04;0.21;1.53;0.001
S&P 500 COMPOSITE;19.05.2022;-0.34;0.48;-0.8;0.001
S&P 500 COMPOSITE;20.05.2022;-0.05;-0.11;-0.19;0.001
S&P 500 COMPOSITE;23.05.2022;1.74;-1.07;1.29;0.001
S&P 500 COMPOSITE;24.05.2022;-1.23;-0.94;1.85;0.001
S&P 500 COMPOSITE;25.05.2022;1.22;0.79;0.21;0.001
S&P 500 COMPOSITE;26.05.2022;2.18;0.2;-0.62;0.001
S&P 500 COMPOSITE;27.05.2022;2.58;0.36;-1.3;0.001
S&P 500 COMPOSITE;31.05.2022;-0.71;-0.5;0.45;0.001
S&P 500 COMPOSITE;01.06.2022;-0.75;0.19;0.79;0.003
S&P 500 COMPOSITE;02.06.2022;2.09;0.84;-2.07;0.003
S&P 500 COMPOSITE;03.06.2022;-1.63;0.85;0.53;0.003
S&P 500 COMPOSITE;06.06.2022;0.33;-0.01;0.65;0.003
S&P 500 COMPOSITE;07.06.2022;0.99;0.31;-0.14;0.003
S&P 500 COMPOSITE;08.06.2022;-1.02;-0.09;-0.53;0.003
S&P 500 COMPOSITE;09.06.2022;-2.44;0.31;0.26;0.003
S&P 500 COMPOSITE;10.06.2022;-3.0;0.11;0.62;0.003
S&P 500 COMPOSITE;13.06.2022;-4.13;-0.66;0.62;0.003
S&P 500 COMPOSITE;14.06.2022;-0.25;0.22;0.12;0.003
S&P 500 COMPOSITE;15.06.2022;1.55;0.28;-1.65;0.003
S&P 500 COMPOSITE;16.06.2022;-3.52;-1.18;0.03;0.003
S&P 500 COMPOSITE;17.06.2022;0.47;1.11;-2.62;0.003
S&P 500 COMPOSITE;21.06.2022;2.38;-0.75;0.24;0.003
S&P 500 COMPOSITE;22.06.2022;-0.18;0.19;-1.77;0.003
S&P 500 COMPOSITE;23.06.2022;1.13;0.79;-3.85;0.003
S&P 500 COMPOSITE;24.06.2022;3.11;-0.36;-0.04;0.003
S&P 500 COMPOSITE;27.06.2022;-0.28;0.56;1.24;0.003
S&P 500 COMPOSITE;28.06.2022;-2.1;-0.35;2.36;0.003
S&P 500 COMPOSITE;29.06.2022;-0.2;-0.45;-1.3;0.003
S&P 500 COMPOSITE;30.06.2022;-0.96;0.42;-0.15;0.003
S&P 500 COMPOSITE;01.07.2022;1.15;0.03;0.11;0.004
S&P 500 COMPOSITE;05.07.2022;0.49;1.79;-3.35;0.004
S&P 500 COMPOSITE;06.07.2022;0.17;-0.76;-0.73;0.004
S&P 500 COMPOSITE;07.07.2022;1.77;0.98;-0.98;0.004
S&P 500 COMPOSITE;08.07.2022;-0.07;0.11;-0.07;0.004
S&P 500 COMPOSITE;11.07.2022;-1.39;-1.3;1.59;0.004
S&P 500 COMPOSITE;12.07.2022;-0.88;0.74;0.51;0.004
S&P 500 COMPOSITE;13.07.2022;-0.39;0.45;-0.4;0.004
S&P 500 COMPOSITE;14.07.2022;-0.41;-0.27;-1.01;0.004
S&P 500 COMPOSITE;15.07.2022;1.95;-0.06;0.47;0.004
S&P 500 COMPOSITE;18.07.2022;-0.71;0.21;1.02;0.004
S&P 500 COMPOSITE;19.07.2022;2.8;0.91;-0.56;0.004
S&P 500 COMPOSITE;20.07.2022;0.89;1.48;-1.31;0.004
S&P 500 COMPOSITE;21.07.2022;0.97;0.04;-1.63;0.004
S&P 500 COMPOSITE;22.07.2022;-1.19;-1.07;1.37;0.004
S&P 500 COMPOSITE;25.07.2022;0.11;-0.31;1.69;0.004
S&P 500 COMPOSITE;26.07.2022;-1.32;0.09;1.06;0.004
S&P 500 COMPOSITE;27.07.2022;2.72;0.49;-1.27;0.004
S&P 500 COMPOSITE;28.07.2022;1.19;0.08;-0.86;0.004
S&P 500 COMPOSITE;29.07.2022;1.44;-0.96;0.45;0.004
S&P 500 COMPOSITE;01.08.2022;-0.19;0.33;-0.26;0.008
S&P 500 COMPOSITE;02.08.2022;-0.49;0.9;-1.4;0.008
S&P 500 COMPOSITE;03.08.2022;1.67;0.76;-1.92;0.008
S&P 500 COMPOSITE;04.08.2022;-0.06;0.8;-1.65;0.008
S&P 500 COMPOSITE;05.08.2022;-0.05;0.89;-0.06;0.008
S&P 500 COMPOSITE;08.08.2022;0.0;0.94;-0.08;0.008
S&P 500 COMPOSITE;09.08.2022;-0.68;-1.82;2.12;0.008
S&P 500 COMPOSITE;10.08.2022;2.36;1.14;-1.6;0.008
S&P 500 COMPOSITE;11.08.2022;-0.07;-0.22;1.66;0.008
S&P 500 COMPOSITE;12.08.2022;1.76;0.62;-0.75;0.008
S&P 500 COMPOSITE;15.08.2022;0.38;0.14;-0.63;0.008
S&P 500 COMPOSITE;16.08.2022;0.19;-0.34;0.72;0.008
S&P 500 COMPOSITE;17.08.2022;-0.93;-1.17;1.04;0.008
S&P 500 COMPOSITE;18.08.2022;0.27;0.19;0.46;0.008
S&P 500 COMPOSITE;19.08.2022;-1.5;-1.16;0.96;0.008
S&P 500 COMPOSITE;22.08.2022;-2.14;-0.18;0.36;0.008
S&P 500 COMPOSITE;23.08.2022;-0.11;0.02;0.33;0.008
S&P 500 COMPOSITE;24.08.2022;0.4;0.64;-0.62;0.008
S&P 500 COMPOSITE;25.08.2022;1.45;0.18;-0.01;0.008
S&P 500 COMPOSITE;26.08.2022;-3.38;-0.55;1.69;0.008
S&P 500 COMPOSITE;29.08.2022;-0.72;-0.57;0.42;0.008
S&P 500 COMPOSITE;30.08.2022;-1.11;-0.25;-0.24;0.008
S&P 500 COMPOSITE;31.08.2022;-0.74;0.28;-0.44;0.008
S&P 500 COMPOSITE;01.09.2022;-0.01;-1.11;-0.3;0.009
S&P 500 COMPOSITE;02.09.2022;-0.99;-0.07;1.07;0.009
S&P 500 COMPOSITE;06.09.2022;-0.51;-0.46;-0.53;0.009
S&P 500 COMPOSITE;07.09.2022;1.92;0.7;-1.53;0.009
S&P 500 COMPOSITE;08.09.2022;0.78;-0.07;-0.19;0.009
S&P 500 COMPOSITE;09.09.2022;1.67;0.52;-0.52;0.009
S&P 500 COMPOSITE;12.09.2022;1.07;0.29;-0.16;0.009
S&P 500 COMPOSITE;13.09.2022;-4.29;-0.19;1.44;0.009
S&P 500 COMPOSITE;14.09.2022;0.44;-0.05;-0.29;0.009
S&P 500 COMPOSITE;15.09.2022;-1.03;0.37;0.55;0.009
S&P 500 COMPOSITE;16.09.2022;-0.98;-0.84;0.84;0.009
S&P 500 COMPOSITE;19.09.2022;0.72;-0.15;0.67;0.009
S&P 500 COMPOSITE;20.09.2022;-1.16;-0.2;0.05;0.009
S&P 500 COMPOSITE;21.09.2022;-1.68;0.37;0.08;0.009
S&P 500 COMPOSITE;22.09.2022;-1.14;-1.35;0.41;0.009
S&P 500 COMPOSITE;23.09.2022;-1.85;-0.25;-0.81;0.009
S&P 500 COMPOSITE;26.09.2022;-1.02;0.18;-0.74;0.009
S&P 500 COMPOSITE;27.09.2022;-0.05;0.63;-0.94;0.009
S&P 500 COMPOSITE;28.09.2022;2.15;0.9;-0.33;0.009
S&P 500 COMPOSITE;29.09.2022;-2.17;-0.46;0.87;0.009
S&P 500 COMPOSITE;30.09.2022;-1.42;0.51;0.27;0.009
S&P 500 COMPOSITE;03.10.2022;2.55;-0.26;0.69;0.011
S&P 500 COMPOSITE;04.10.2022;3.3;0.77;-0.05;0.011
S&P 500 COMPOSITE;05.10.2022;-0.22;-0.36;0.08;0.011
S&P 500 COMPOSITE;06.10.2022;-0.86;0.53;0.12;0.011
S&P 500 COMPOSITE;07.10.2022;-2.91;-0.63;1.67;0.011
S&P 500 COMPOSITE;10.10.2022;-0.81;0.04;0.77;0.011
S&P 500 COMPOSITE;11.10.2022;-0.7;0.55;0.33;0.011
S&P 500 COMPOSITE;12.10.2022;-0.27;0.09;0.0;0.011
S&P 500 COMPOSITE;13.10.2022;2.4;-0.62;1.58;0.011
S&P 500 COMPOSITE;14.10.2022;-2.46;-0.46;1.21;0.011
S&P 500 COMPOSITE;17.10.2022;2.74;0.68;-1.42;0.011
S&P 500 COMPOSITE;18.10.2022;1.19;-0.11;0.0;0.011
S&P 500 COMPOSITE;19.10.2022;-0.87;-1.32;1.21;0.011
S&P 500 COMPOSITE;20.10.2022;-0.8;-0.28;-0.44;0.011
S&P 500 COMPOSITE;21.10.2022;2.3;-0.18;0.11;0.011
S&P 500 COMPOSITE;24.10.2022;1.03;-0.73;0.46;0.011
S&P 500 COMPOSITE;25.10.2022;1.78;1.36;-1.51;0.011
S&P 500 COMPOSITE;26.10.2022;-0.66;0.42;0.89;0.011
S&P 500 COMPOSITE;27.10.2022;-0.54;0.32;1.06;0.011
S&P 500 COMPOSITE;28.10.2022;2.33;-0.03;-0.33;0.011
S&P 500 COMPOSITE;31.10.2022;-0.67;0.38;0.74;0.011
S&P 500 COMPOSITE;01.11.2022;-0.35;0.16;0.78;0.014
S&P 500 COMPOSITE;02.11.2022;-2.67;-1.21;1.6;0.014
S&P 500 COMPOSITE;03.11.2022;-1.03;0.31;0.31;0.014
S&P 500 COMPOSITE;04.11.2022;1.16;-0.6;1.29;0.014
S&P 500 COMPOSITE;07.11.2022;0.87;-0.49;0.6;0.014
S&P 500 COMPOSITE;08.11.2022;0.5;-0.47;-0.38;0.014
S&P 500 COMPOSITE;09.11.2022;-2.25;-0.62;0.55;0.014
S&P 500 COMPOSITE;10.11.2022;5.68;1.66;-3.1;0.014
S&P 500 COMPOSITE;11.11.2022;1.07;0.3;-1.08;0.014
S&P 500 COMPOSITE;14.11.2022;-0.95;-0.4;0.25;0.014
S&P 500 COMPOSITE;15.11.2022;1.03;0.73;-0.7;0.014
S&P 500 COMPOSITE;16.11.2022;-1.03;-1.21;0.57;0.014
S&P 500 COMPOSITE;17.11.2022;-0.42;-0.51;0.58;0.014
S&P 500 COMPOSITE;18.11.2022;0.4;-0.18;0.08;0.014
S&P 500 COMPOSITE;21.11.2022;-0.53;-0.35;0.99;0.014
S&P 500 COMPOSITE;22.11.2022;1.35;-0.52;0.45;0.014
S&P 500 COMPOSITE;23.11.2022;0.63;0.02;-0.94;0.014
S&P 500 COMPOSITE;25.11.2022;-0.02;0.22;0.43;0.014
S&P 500 COMPOSITE;28.11.2022;-1.55;-0.4;-0.21;0.014
S&P 500 COMPOSITE;29.11.2022;-0.18;0.11;1.03;0.014
S&P 500 COMPOSITE;30.11.2022;3.12;0.35;-2.07;0.014
S&P 500 COMPOSITE;01.12.2022;-0.02;0.26;-0.69;0.016
S&P 500 COMPOSITE;02.12.2022;-0.08;0.92;-0.56;0.016
S&P 500 COMPOSITE;05.12.2022;-2.02;-0.6;-0.53;0.016
S&P 500 COMPOSITE;06.12.2022;-1.51;-0.23;1.16;0.016
S&P 500 COMPOSITE;07.12.2022;-0.24;-0.14;-0.33;0.016
